duplicate_group_id,duplicate_type,class_1,class_2,all_involved_classes,all_file_paths,shared_sha256_hash,perceptual_hash,sample_ids,conflict_status
EXACT-0054,exact,Crepe,Polyester,"[""Crepe"", ""Polyester""]","[""Crepe/1000/im_1.png"", ""Polyester/1000/im_1.png""]",322cec40cb5a0faba2d234227078cdeb7376abc0ae2485a8a5c81a62ecab9b4f,14952257797260fe,"[""1000""]",SAME_SAMPLE_DIFFERENT_LABEL
EXACT-0055,exact,Crepe,Polyester,"[""Crepe"", ""Polyester""]","[""Crepe/1000/im_2.png"", ""Polyester/1000/im_2.png""]",242f1285a0f436d4983ef20082fb3e33526dcedf0decc0bc84b89e9df055e99e,05d33703751b659a,"[""1000""]",SAME_SAMPLE_DIFFERENT_LABEL
EXACT-0056,exact,Crepe,Polyester,"[""Crepe"", ""Polyester""]","[""Crepe/1000/im_3.png"", ""Polyester/1000/im_3.png""]",6a171982e7026d9444e3c1b1c7d3bd68f5abbffc65e6c8dc24db14fb6050d10f,44373d462d71359a,"[""1000""]",SAME_SAMPLE_DIFFERENT_LABEL
EXACT-0057,exact,Crepe,Polyester,"[""Crepe"", ""Polyester""]","[""Crepe/1000/im_4.png"", ""Polyester/1000/im_4.png""]",7329e94c6c0b5dc1c29812be0e2e24ae88d2e02c0e33ec9ce4d3c82b44834d05,045760976bd266ba,"[""1000""]",SAME_SAMPLE_DIFFERENT_LABEL
EXACT-0058,exact,Crepe,Polyester,"[""Crepe"", ""Polyester""]","[""Crepe/1001/im_1.png"", ""Polyester/1001/im_1.png""]",0a54f582aae78616225d45d25743b9d756cfbf7648735cb182d4f2344bbd7480,10863a6b6b69639e,"[""1001""]",SAME_SAMPLE_DIFFERENT_LABEL
EXACT-0059,exact,Crepe,Polyester,"[""Crepe"", ""Polyester""]","[""Crepe/1001/im_2.png"", ""Polyester/1001/im_2.png""]",d2289459850259374d9542c251366da9517637de204666e8786bc5573693d421,00867a3f277c239e,"[""1001""]",SAME_SAMPLE_DIFFERENT_LABEL
EXACT-0060,exact,Crepe,Polyester,"[""Crepe"", ""Polyester""]","[""Crepe/1001/im_3.png"", ""Polyester/1001/im_3.png""]",3e8a2b30fe9b28f07f96828cac8b41e2b695b14b1e2a05097a62a892cfe1ce3c,402e3b3a2e7032fe,"[""1001""]",SAME_SAMPLE_DIFFERENT_LABEL
EXACT-0061,exact,Crepe,Polyester,"[""Crepe"", ""Polyester""]","[""Crepe/1001/im_4.png"", ""Polyester/1001/im_4.png""]",fe43749417fbab2fbb602cea0861b0c8fcf91bbf46a408e06fba594834e64a75,005a7aa56f6077aa,"[""1001""]",SAME_SAMPLE_DIFFERENT_LABEL
EXACT-0062,exact,Crepe,Polyester,"[""Crepe"", ""Polyester""]","[""Crepe/1002/im_1.png"", ""Polyester/1002/im_1.png""]",e69a265317d78998bfccc05f09ae720df66c397a4090e9712c0238a69c443d75,10b8285d477c636f,"[""1002""]",SAME_SAMPLE_DIFFERENT_LABEL
EXACT-0063,exact,Crepe,Polyester,"[""Crepe"", ""Polyester""]","[""Crepe/1002/im_2.png"", ""Polyester/1002/im_2.png""]",c4a8de069572446cd69292c932c520b6d05436f1c801ab9d40c854c2930686ee,00907a2f1f7e653c,"[""1002""]",SAME_SAMPLE_DIFFERENT_LABEL
EXACT-0064,exact,Crepe,Polyester,"[""Crepe"", ""Polyester""]","[""Crepe/1002/im_3.png"", ""Polyester/1002/im_3.png""]",68cec3f518884425c79d12903bf7079f14b9aae0ff745956875ff5dfe619cfd9,441e322f0b743dae,"[""1002""]",SAME_SAMPLE_DIFFERENT_LABEL
EXACT-0065,exact,Crepe,Polyester,"[""Crepe"", ""Polyester""]","[""Crepe/1002/im_4.png"", ""Polyester/1002/im_4.png""]",40800d96881fbe96debd3ef41ca7a56b0f69363f5f5145d432f5ee42dea485ca,005c605f07f4edec,"[""1002""]",SAME_SAMPLE_DIFFERENT_LABEL
EXACT-0066,exact,Crepe,Polyester,"[""Crepe"", ""Polyester""]","[""Crepe/1003/im_1.png"", ""Polyester/1003/im_1.png""]",55bbc054ee1ae750da41eb08dc282f7f6c53736da96efb3365dff5316063e4b7,00ab7e54653d6da4,"[""1003""]",SAME_SAMPLE_DIFFERENT_LABEL
EXACT-0067,exact,Crepe,Polyester,"[""Crepe"", ""Polyester""]","[""Crepe/1003/im_2.png"", ""Polyester/1003/im_2.png""]",af2f678ad194acc5c1836c212a6e743a9222799396950aee64b1159f9578a26b,01965b9e259563b6,"[""1003""]",SAME_SAMPLE_DIFFERENT_LABEL
EXACT-0068,exact,Crepe,Polyester,"[""Crepe"", ""Polyester""]","[""Crepe/1003/im_3.png"", ""Polyester/1003/im_3.png""]",d3a0209bcd904915262a220fe8e2527ebda57da7babe7079c8c9b46363e406c8,71021e5a26356f97,"[""1003""]",SAME_SAMPLE_DIFFERENT_LABEL
EXACT-0069,exact,Crepe,Polyester,"[""Crepe"", ""Polyester""]","[""Crepe/1003/im_4.png"", ""Polyester/1003/im_4.png""]",9bf0305a0a44b36de090bbcb810835ac9a96204569ebee0c6e93fcb3b25620c7,00775e34275d558e,"[""1003""]",SAME_SAMPLE_DIFFERENT_LABEL
EXACT-0070,exact,Crepe,Satin,"[""Crepe"", ""Satin""]","[""Crepe/1028/im_1.png"", ""Satin/1028/im_1.png""]",02c4b6b419cfda3913e04245ceb13fef40cddb0c405d1a3ee0e25d5023c305fe,15ae3f79194f3900,"[""1028""]",SAME_SAMPLE_DIFFERENT_LABEL
EXACT-0071,exact,Crepe,Satin,"[""Crepe"", ""Satin""]","[""Crepe/1028/im_2.png"", ""Satin/1028/im_2.png""]",3466202438afa3c5f1e5a62bc23ea6984b0812c4a790d93de5bccc5c4795a718,02d9308f3ae8f3b4,"[""1028""]",SAME_SAMPLE_DIFFERENT_LABEL
EXACT-0072,exact,Crepe,Satin,"[""Crepe"", ""Satin""]","[""Crepe/1028/im_3.png"", ""Satin/1028/im_3.png""]",c6c16361bd576fb52423a54a65166db032f9ba9284928c1655553c603284bb78,402a6d392c3f52bb,"[""1028""]",SAME_SAMPLE_DIFFERENT_LABEL
EXACT-0073,exact,Crepe,Satin,"[""Crepe"", ""Satin""]","[""Crepe/1028/im_4.png"", ""Satin/1028/im_4.png""]",87fe3845b31650daef40f02a33a8759bf236ed188fd6fdb666352a1e8f81f4ef,051d71045752ea7f,"[""1028""]",SAME_SAMPLE_DIFFERENT_LABEL
EXACT-0074,exact,Crepe,Satin,"[""Crepe"", ""Satin""]","[""Crepe/1029/im_1.png"", ""Satin/1029/im_1.png""]",c1fdab298bfea6ba386cb4c6f63571150d22f2e53c9fb391fd90071e74d2441f,16bf25416a526af4,"[""1029""]",SAME_SAMPLE_DIFFERENT_LABEL
EXACT-0075,exact,Crepe,Satin,"[""Crepe"", ""Satin""]","[""Crepe/1029/im_2.png"", ""Satin/1029/im_2.png""]",a2b93a1b7f55108143cb9e17eac49ebb6e921f65c95957661bb25a9a1971f9cd,0186eab6258fe347,"[""1029""]",SAME_SAMPLE_DIFFERENT_LABEL
EXACT-0076,exact,Crepe,Satin,"[""Crepe"", ""Satin""]","[""Crepe/1029/im_3.png"", ""Satin/1029/im_3.png""]",8d104f0008a4d385d5cef98c91c28d8e4e2c9b602ce6477915f470cf988037b5,4233357d2a5129be,"[""1029""]",SAME_SAMPLE_DIFFERENT_LABEL
EXACT-0077,exact,Crepe,Satin,"[""Crepe"", ""Satin""]","[""Crepe/1029/im_4.png"", ""Satin/1029/im_4.png""]",ed6082a4d0503351b9a42ea66f8e1452029ac95e6bb3ee9fa75023a5af4a778c,006dea3394ad7a33,"[""1029""]",SAME_SAMPLE_DIFFERENT_LABEL
EXACT-0078,exact,Crepe,Satin,"[""Crepe"", ""Satin""]","[""Crepe/1030/im_1.png"", ""Satin/1030/im_1.png""]",284b60d9ef6a419e7c27f2c53a34940cd25b6a18547f9147636040b792a289d7,14d033511c6f2aef,"[""1030""]",SAME_SAMPLE_DIFFERENT_LABEL
EXACT-0079,exact,Crepe,Satin,"[""Crepe"", ""Satin""]","[""Crepe/1030/im_2.png"", ""Satin/1030/im_2.png""]",a385265d2300464d1e67de8a94cdcc943db12d569f1a4add8fa337c3e6e93f1c,11b6a48391f4c5fc,"[""1030""]",SAME_SAMPLE_DIFFERENT_LABEL
EXACT-0080,exact,Crepe,Satin,"[""Crepe"", ""Satin""]","[""Crepe/1030/im_3.png"", ""Satin/1030/im_3.png""]",b05e37376af4dcdb2ae1a4020908df8052ca7697e18da3a97122947b22c568c0,4e69335a0e537616,"[""1030""]",SAME_SAMPLE_DIFFERENT_LABEL
EXACT-0081,exact,Crepe,Satin,"[""Crepe"", ""Satin""]","[""Crepe/1030/im_4.png"", ""Satin/1030/im_4.png""]",a4d4d5ee4378dfee309cb7c40383aced817b9e80db4279ecf1ff59c094da04ff,211fe64dd205fb41,"[""1030""]",SAME_SAMPLE_DIFFERENT_LABEL
EXACT-0082,exact,Crepe,Satin,"[""Crepe"", ""Satin""]","[""Crepe/1031/im_1.png"", ""Satin/1031/im_1.png""]",4f48f710f88c9401c3aa130a7f48b3fbee845e839ca151b79cc86ae984f4c0f1,1fbf325d015125c5,"[""1031""]",SAME_SAMPLE_DIFFERENT_LABEL
EXACT-0083,exact,Crepe,Satin,"[""Crepe"", ""Satin""]","[""Crepe/1031/im_2.png"", ""Satin/1031/im_2.png""]",6bfcb54e1e691f396e50f0933be7611f5e2cc140e276e1691318215d23d2b5e9,12d4b9badec2a815,"[""1031""]",SAME_SAMPLE_DIFFERENT_LABEL
EXACT-0084,exact,Crepe,Satin,"[""Crepe"", ""Satin""]","[""Crepe/1031/im_3.png"", ""Satin/1031/im_3.png""]",279803eba1788180c6634aab44c75e6f587b975cf05c4b7bfab13dbbfc48f1b3,553a645568394bcb,"[""1031""]",SAME_SAMPLE_DIFFERENT_LABEL
EXACT-0085,exact,Crepe,Satin,"[""Crepe"", ""Satin""]","[""Crepe/1031/im_4.png"", ""Satin/1031/im_4.png""]",98bff05bc621a5121bd9ab77314aada56cc50777feae12ed667364af18f32829,2356cd28c605de7a,"[""1031""]",SAME_SAMPLE_DIFFERENT_LABEL
EXACT-0086,exact,Crepe,Satin,"[""Crepe"", ""Satin""]","[""Crepe/1032/im_1.png"", ""Satin/1032/im_1.png""]",e7417bee15a2fa5f29777b58dfcb4c9a2b1bc465365b1bf87406faea727b943a,123f3d6266646297,"[""1032""]",SAME_SAMPLE_DIFFERENT_LABEL
EXACT-0087,exact,Crepe,Satin,"[""Crepe"", ""Satin""]","[""Crepe/1032/im_2.png"", ""Satin/1032/im_2.png""]",788d2758b7ff28ec5c2a20fd213d1ddb101d19384b48f42378396def8f56fa33,4f94960c098fa8ef,"[""1032""]",SAME_SAMPLE_DIFFERENT_LABEL
EXACT-0088,exact,Crepe,Satin,"[""Crepe"", ""Satin""]","[""Crepe/1032/im_3.png"", ""Satin/1032/im_3.png""]",4e72f42af99353ead03a967154c46efc30ffe6539283d01b0c67ed9d8cae09e2,413f39d27629129e,"[""1032""]",SAME_SAMPLE_DIFFERENT_LABEL
EXACT-0089,exact,Crepe,Satin,"[""Crepe"", ""Satin""]","[""Crepe/1032/im_4.png"", ""Satin/1032/im_4.png""]",47f8bd9e73d13c62044f8d8dfbeffb51165622b825eb3be04e2e6bc0a8e50089,0970f135cd3a16ba,"[""1032""]",SAME_SAMPLE_DIFFERENT_LABEL
EXACT-0090,exact,Crepe,Satin,"[""Crepe"", ""Satin""]","[""Crepe/1033/im_1.png"", ""Satin/1033/im_1.png""]",967c1214896b53be6d85711b6736f294e5ba9c54e6198e15d68d68d44c704bf6,2e3f210c0d536fd1,"[""1033""]",SAME_SAMPLE_DIFFERENT_LABEL
EXACT-0091,exact,Crepe,Satin,"[""Crepe"", ""Satin""]","[""Crepe/1033/im_2.png"", ""Satin/1033/im_2.png""]",0a58628dee3fc32d325f735313bc2c5d763896e9394d415366af374e41c281f5,29d0d69a9af1b1a1,"[""1033""]",SAME_SAMPLE_DIFFERENT_LABEL
EXACT-0092,exact,Crepe,Satin,"[""Crepe"", ""Satin""]","[""Crepe/1033/im_3.png"", ""Satin/1033/im_3.png""]",c93d62735af00c9e1aa0b06e6a9de16cdd9e4f2bfcfb6fb44cd6413680a2d424,7631299a4419ceed,"[""1033""]",SAME_SAMPLE_DIFFERENT_LABEL
EXACT-0093,exact,Crepe,Satin,"[""Crepe"", ""Satin""]","[""Crepe/1033/im_4.png"", ""Satin/1033/im_4.png""]",ba1c9d8559f2fa16cd4c3cdd4633219883026bc8cb84a6e0485205b04bc32c0d,2d73de35c826a851,"[""1033""]",SAME_SAMPLE_DIFFERENT_LABEL
EXACT-0094,exact,Crepe,Polyester,"[""Crepe"", ""Polyester""]","[""Crepe/998/im_1.png"", ""Polyester/998/im_1.png""]",d1c42aaedd025d635aca8783e9fe2f83f4cdf1243da5c70a2a8c134a7c078d02,2aa0e21f5f443af8,"[""998""]",SAME_SAMPLE_DIFFERENT_LABEL
EXACT-0095,exact,Crepe,Polyester,"[""Crepe"", ""Polyester""]","[""Crepe/998/im_2.png"", ""Polyester/998/im_2.png""]",90d16bfcc70a049e3b60e12696cfa0d0b27a488a74bbbbe3cb7f62bfdefecd4f,0094b6989bf2bab9,"[""998""]",SAME_SAMPLE_DIFFERENT_LABEL
EXACT-0096,exact,Crepe,Polyester,"[""Crepe"", ""Polyester""]","[""Crepe/998/im_3.png"", ""Polyester/998/im_3.png""]",10c65a0683c438c809145a0b3539ef650e842fea434bbbea7f3b4958dfe73f1e,7e2323d91e0e80fa,"[""998""]",SAME_SAMPLE_DIFFERENT_LABEL
EXACT-0097,exact,Crepe,Polyester,"[""Crepe"", ""Polyester""]","[""Crepe/998/im_4.png"", ""Polyester/998/im_4.png""]",910a1a9cb51e28a19fc3d485757995d7037a53eca94b9a857970937d53136e62,007ee31df9049c79,"[""998""]",SAME_SAMPLE_DIFFERENT_LABEL
EXACT-0098,exact,Crepe,Polyester,"[""Crepe"", ""Polyester""]","[""Crepe/999/im_1.png"", ""Polyester/999/im_1.png""]",1466233831e3d9996b15c270222408a4edd01553d68e409193193804500e2c86,03bd6758435123db,"[""999""]",SAME_SAMPLE_DIFFERENT_LABEL
EXACT-0099,exact,Crepe,Polyester,"[""Crepe"", ""Polyester""]","[""Crepe/999/im_2.png"", ""Polyester/999/im_2.png""]",5643d64e6440e0b019ca1011ee87621c359277411e340c30b8a875348f206c78,01c9365acc2b6eab,"[""999""]",SAME_SAMPLE_DIFFERENT_LABEL
EXACT-0100,exact,Crepe,Polyester,"[""Crepe"", ""Polyester""]","[""Crepe/999/im_3.png"", ""Polyester/999/im_3.png""]",f7c31636ea4c9bab107d8f9d138cb8548e195e405f5aa462403db1f0aca1cb9e,55203f6f011fc8f1,"[""999""]",SAME_SAMPLE_DIFFERENT_LABEL
EXACT-0101,exact,Crepe,Polyester,"[""Crepe"", ""Polyester""]","[""Crepe/999/im_4.png"", ""Polyester/999/im_4.png""]",927707255b6ca36356816ed552bad894514846d5fe51cc20f5e6648e3c4cc490,0179679f091743cb,"[""999""]",SAME_SAMPLE_DIFFERENT_LABEL
EXACT-0122,exact,Polyester,Satin,"[""Polyester"", ""Satin""]","[""Polyester/770/im_1.png"", ""Satin/770/im_1.png""]",123d18e40eafff9f136fc3cb9fe3fbfe1ee8756026c2b0721899b8c9593000a7,009547b155997dd5,"[""770""]",SAME_SAMPLE_DIFFERENT_LABEL
EXACT-0123,exact,Polyester,Satin,"[""Polyester"", ""Satin""]","[""Polyester/770/im_2.png"", ""Satin/770/im_2.png""]",6eb8d22d99ab8eb97723a0908d9dfb7592a0b2d88d2985aef2fca511a0778ade,209555d316cd51f6,"[""770""]",SAME_SAMPLE_DIFFERENT_LABEL
EXACT-0124,exact,Polyester,Satin,"[""Polyester"", ""Satin""]","[""Polyester/770/im_3.png"", ""Satin/770/im_3.png""]",b24e6fe4caa6ee64989ae657811304f478bda62d5833d3fced96226b196d6f00,557e2a5f27472094,"[""770""]",SAME_SAMPLE_DIFFERENT_LABEL
EXACT-0125,exact,Polyester,Satin,"[""Polyester"", ""Satin""]","[""Polyester/770/im_4.png"", ""Satin/770/im_4.png""]",8a077c0c19ea079330082d502120aeac1e8c224c623dc5628564ae65d03b0565,557f28df00f500f4,"[""770""]",SAME_SAMPLE_DIFFERENT_LABEL
EXACT-0126,exact,Polyester,Satin,"[""Polyester"", ""Satin""]","[""Polyester/771/im_1.png"", ""Satin/771/im_1.png""]",1d55e4df4ad47157e714ff796c6fe991cf7ba12ddc6e42503101b612e03d4697,2aa8d4f0f5d49aa8,"[""771""]",SAME_SAMPLE_DIFFERENT_LABEL
EXACT-0127,exact,Polyester,Satin,"[""Polyester"", ""Satin""]","[""Polyester/771/im_2.png"", ""Satin/771/im_2.png""]",a64e612c9bc64fb98f6b81e5201af6436caf686344f68d9ad8f5fe4b2d3fb51b,22a275d57655545a,"[""771""]",SAME_SAMPLE_DIFFERENT_LABEL
EXACT-0128,exact,Polyester,Satin,"[""Polyester"", ""Satin""]","[""Polyester/771/im_3.png"", ""Satin/771/im_3.png""]",35482dcc860ab6ec414d995701a23b4e7ead1c3b4e741a515eb058e319ae3623,552f817f026d1b61,"[""771""]",SAME_SAMPLE_DIFFERENT_LABEL
EXACT-0129,exact,Polyester,Satin,"[""Polyester"", ""Satin""]","[""Polyester/771/im_4.png"", ""Satin/771/im_4.png""]",242888cd3492f5a233481986cbd9cecfd958283e5fd90ac0b5e8a04b6141c770,556aad9468a750cd,"[""771""]",SAME_SAMPLE_DIFFERENT_LABEL
EXACT-0130,exact,Polyester,Satin,"[""Polyester"", ""Satin""]","[""Polyester/772/im_1.png"", ""Satin/772/im_1.png""]",f7796fe080f70b28e3e23c0e3a6086ec4126dc3ab65514c57c352d4fb0f7cf0e,2a4e9126c976ad5a,"[""772""]",SAME_SAMPLE_DIFFERENT_LABEL
EXACT-0131,exact,Polyester,Satin,"[""Polyester"", ""Satin""]","[""Polyester/772/im_2.png"", ""Satin/772/im_2.png""]",f6beda3d17d65eb67cb7ce52a0722db94ecfb70009046bd01af693cfa33af996,44803fc819d736fc,"[""772""]",SAME_SAMPLE_DIFFERENT_LABEL
EXACT-0132,exact,Polyester,Satin,"[""Polyester"", ""Satin""]","[""Polyester/772/im_3.png"", ""Satin/772/im_3.png""]",311d45debc5e423287a85b31a17f175dca3d70b42208d73d654d373bd9642d05,44802dcb3fe10f5b,"[""772""]",SAME_SAMPLE_DIFFERENT_LABEL
EXACT-0133,exact,Polyester,Satin,"[""Polyester"", ""Satin""]","[""Polyester/772/im_4.png"", ""Satin/772/im_4.png""]",1f7ba0f5bee7edfdff65a1fa04dac7c77997fbb4c5d10c17a0bdfff0177e53b4,007fd126db32439e,"[""772""]",SAME_SAMPLE_DIFFERENT_LABEL
EXACT-0134,exact,Polyester,Satin,"[""Polyester"", ""Satin""]","[""Polyester/773/im_1.png"", ""Satin/773/im_1.png""]",acb94ce49149eb6f09929841d4a34a4ea29a1b2626d7ce1934b988e670fab2dc,00c1f59556975756,"[""773""]",SAME_SAMPLE_DIFFERENT_LABEL
EXACT-0135,exact,Polyester,Satin,"[""Polyester"", ""Satin""]","[""Polyester/773/im_2.png"", ""Satin/773/im_2.png""]",673ebd87db7d618a9d2c79372681309256f4818858a89f012e128994e3bfcbd6,029353615a7a68fd,"[""773""]",SAME_SAMPLE_DIFFERENT_LABEL
EXACT-0136,exact,Polyester,Satin,"[""Polyester"", ""Satin""]","[""Polyester/773/im_3.png"", ""Satin/773/im_3.png""]",2d169fc49da792cd4c683db0bd33ed04668b24bab970108f94f34189265c6930,753f807e01fe0f10,"[""773""]",SAME_SAMPLE_DIFFERENT_LABEL
EXACT-0137,exact,Polyester,Satin,"[""Polyester"", ""Satin""]","[""Polyester/773/im_4.png"", ""Satin/773/im_4.png""]",f99bbef360c485d2fe1234639683870caee4be60758079cef8fb4d7d9f0db36c,552c93ccb358af11,"[""773""]",SAME_SAMPLE_DIFFERENT_LABEL
EXACT-0138,exact,Satin,Silk,"[""Satin"", ""Silk""]","[""Satin/1004/im_1.png"", ""Silk/1004/im_1.png""]",79d0a2e4c07024ea9522a04cbc899d9ec26204e38458f2b0f7bc74a0340b792f,143b2b6f4c7f0c11,"[""1004""]",SAME_SAMPLE_DIFFERENT_LABEL
EXACT-0139,exact,Satin,Silk,"[""Satin"", ""Silk""]","[""Satin/1004/im_2.png"", ""Silk/1004/im_2.png""]",b4439edc77dba7b541c392c24109e163cdcc182c347822cd151b8d07657dca8f,55d592829ba7ab0c,"[""1004""]",SAME_SAMPLE_DIFFERENT_LABEL
EXACT-0140,exact,Satin,Silk,"[""Satin"", ""Silk""]","[""Satin/1004/im_3.png"", ""Silk/1004/im_3.png""]",291b1da746e4e1dc9c34605092d90a06d4246e6cb2acd7344d1e27f05b1ae2f4,45ac3b6658256747,"[""1004""]",SAME_SAMPLE_DIFFERENT_LABEL
EXACT-0141,exact,Satin,Silk,"[""Satin"", ""Silk""]","[""Satin/1004/im_4.png"", ""Silk/1004/im_4.png""]",856eb6bce2594b2185ffb4c424bcbeeb862a72c1d7c672ccf5a5af9e08ac6cd8,2a59c7106d9a65f8,"[""1004""]",SAME_SAMPLE_DIFFERENT_LABEL
EXACT-0142,exact,Satin,Silk,"[""Satin"", ""Silk""]","[""Satin/1005/im_1.png"", ""Silk/1005/im_1.png""]",d64b5800ef2fe8b684d8d8513b9f3ba27963a235232134e312d2f6ca448c8976,1426226f6d5b78d2,"[""1005""]",SAME_SAMPLE_DIFFERENT_LABEL
EXACT-0143,exact,Satin,Silk,"[""Satin"", ""Silk""]","[""Satin/1005/im_2.png"", ""Silk/1005/im_2.png""]",aeba8a1213b16936a68a3fbf83b17333c679950fc10f5db88924e22970a7e41a,05d486a493e7a70f,"[""1005""]",SAME_SAMPLE_DIFFERENT_LABEL
EXACT-0144,exact,Satin,Silk,"[""Satin"", ""Silk""]","[""Satin/1005/im_3.png"", ""Silk/1005/im_3.png""]",5c13c17cea1760497949ffa01a3e46fe5787c6350b3337dc07ef52b5c40c0f6c,401b7ba87d0a5ac7,"[""1005""]",SAME_SAMPLE_DIFFERENT_LABEL
EXACT-0145,exact,Satin,Silk,"[""Satin"", ""Silk""]","[""Satin/1005/im_4.png"", ""Silk/1005/im_4.png""]",2a25885fcd6e3ff5034ca7277c72ea9608c0034e5c21ae7d2a640a7395b0a978,0559f435a845e79a,"[""1005""]",SAME_SAMPLE_DIFFERENT_LABEL
EXACT-0146,exact,Satin,Silk,"[""Satin"", ""Silk""]","[""Satin/1006/im_1.png"", ""Silk/1006/im_1.png""]",a79cceef91de14deb6841dd585a486225187fdc749992681bb63597521bd2529,553e23760a516cd6,"[""1006""]",SAME_SAMPLE_DIFFERENT_LABEL
EXACT-0147,exact,Satin,Silk,"[""Satin"", ""Silk""]","[""Satin/1006/im_2.png"", ""Silk/1006/im_2.png""]",7006e28055f20e02a3516ab4c9579fa665e83f2a009d20862a32c8baec22b49d,109385819d97b6ed,"[""1006""]",SAME_SAMPLE_DIFFERENT_LABEL
EXACT-0148,exact,Satin,Silk,"[""Satin"", ""Silk""]","[""Satin/1006/im_3.png"", ""Silk/1006/im_3.png""]",3ff685bf5a293af2d0a71f3163db42b20b8865bc0c91e8f313ff963943482b98,453377db1d0450e6,"[""1006""]",SAME_SAMPLE_DIFFERENT_LABEL
EXACT-0149,exact,Satin,Silk,"[""Satin"", ""Silk""]","[""Satin/1006/im_4.png"", ""Silk/1006/im_4.png""]",976a10bc3727a62422900aba07a41ddd51a83b9e48d23f5a0c9fc3198c981d6f,285fc719ea35d016,"[""1006""]",SAME_SAMPLE_DIFFERENT_LABEL
EXACT-0150,exact,Satin,Silk,"[""Satin"", ""Silk""]","[""Satin/1007/im_1.png"", ""Silk/1007/im_1.png""]",b53a84b9bbb08c1c986b39face979b2b63568cd61a734f641a006b4c3ccdd186,542a22737d6b289d,"[""1007""]",SAME_SAMPLE_DIFFERENT_LABEL
EXACT-0151,exact,Satin,Silk,"[""Satin"", ""Silk""]","[""Satin/1007/im_2.png"", ""Silk/1007/im_2.png""]",50f9b9d3c39a3cbc341830b4e80bbb332d51f1ce0dc439361c6136fa45764e8c,15d5d48698ada9b2,"[""1007""]",SAME_SAMPLE_DIFFERENT_LABEL
EXACT-0152,exact,Satin,Silk,"[""Satin"", ""Silk""]","[""Satin/1007/im_3.png"", ""Silk/1007/im_3.png""]",66784a8dbec64345c1cfc6d2540ab591f0fb8f4e064a1343c98750f3528310ea,40287e7f6f0236d8,"[""1007""]",SAME_SAMPLE_DIFFERENT_LABEL
EXACT-0153,exact,Satin,Silk,"[""Satin"", ""Silk""]","[""Satin/1007/im_4.png"", ""Silk/1007/im_4.png""]",85dbce6510e9e76d189e645107a3025ed8c6e3a0ef8725951ad7ec7983abb88f,005dd42fea1ec317,"[""1007""]",SAME_SAMPLE_DIFFERENT_LABEL
EXACT-0154,exact,Satin,Silk,"[""Satin"", ""Silk""]","[""Satin/1008/im_1.png"", ""Silk/1008/im_1.png""]",e935c02f89dbcb31c8072e963e33b3c5b1e41c16a293fc202bd13e60e7023d1c,552b327a3c522ea6,"[""1008""]",SAME_SAMPLE_DIFFERENT_LABEL
EXACT-0155,exact,Satin,Silk,"[""Satin"", ""Silk""]","[""Satin/1008/im_2.png"", ""Silk/1008/im_2.png""]",af652f4e7498b01ced8b7d3b06494a7ba9cf7e6adc08aa5d7a902c19eb17dbbf,0098b4949ed77e93,"[""1008""]",SAME_SAMPLE_DIFFERENT_LABEL
EXACT-0156,exact,Satin,Silk,"[""Satin"", ""Silk""]","[""Satin/1008/im_3.png"", ""Silk/1008/im_3.png""]",f67e1c41ed0639ea0c5e402f27daad4ab1036f03040033e79c81d169ebadcb75,002a77af5d097aaa,"[""1008""]",SAME_SAMPLE_DIFFERENT_LABEL
EXACT-0157,exact,Satin,Silk,"[""Satin"", ""Silk""]","[""Satin/1008/im_4.png"", ""Silk/1008/im_4.png""]",d9d12361dfdfeb49a4a2859094bba6a0b1b4b3a69220c5d8b7811e7bfb92dfd0,005df435c126fe6a,"[""1008""]",SAME_SAMPLE_DIFFERENT_LABEL
EXACT-0158,exact,Satin,Silk,"[""Satin"", ""Silk""]","[""Satin/1009/im_1.png"", ""Silk/1009/im_1.png""]",8d265f617d529a838c0c84c5534f673ac5c695acf7a6adfe6922cea721a9e863,50232a796f72194f,"[""1009""]",SAME_SAMPLE_DIFFERENT_LABEL
EXACT-0159,exact,Satin,Silk,"[""Satin"", ""Silk""]","[""Satin/1009/im_2.png"", ""Silk/1009/im_2.png""]",37d43aa1fde5a18735a4793261d9db0b320a09d05ca0f23f71aba4800f5018f4,15dd829284edb1ba,"[""1009""]",SAME_SAMPLE_DIFFERENT_LABEL
EXACT-0160,exact,Satin,Silk,"[""Satin"", ""Silk""]","[""Satin/1009/im_3.png"", ""Silk/1009/im_3.png""]",a5d5df68f6a68a594d6603a8c1e7fec570eaf855b941b4a3a2ecdc5f498cee70,042a77e91d0f5e25,"[""1009""]",SAME_SAMPLE_DIFFERENT_LABEL
EXACT-0161,exact,Satin,Silk,"[""Satin"", ""Silk""]","[""Satin/1009/im_4.png"", ""Silk/1009/im_4.png""]",0108978b1c67cc54ede77abc69bdf600d47074f100fded4f16db5399dc13a337,005fc631cf6be518,"[""1009""]",SAME_SAMPLE_DIFFERENT_LABEL
EXACT-0162,exact,Satin,Silk,"[""Satin"", ""Silk""]","[""Satin/1010/im_1.png"", ""Silk/1010/im_1.png""]",601e5e7b3ffd73a80e79bf8e865815fd0be3747226c46f974950c97ba3972926,15f722562b1b7911,"[""1010""]",SAME_SAMPLE_DIFFERENT_LABEL
EXACT-0163,exact,Satin,Silk,"[""Satin"", ""Silk""]","[""Satin/1010/im_2.png"", ""Silk/1010/im_2.png""]",debdde5bb2d278cc8472cc978d5e59e233982c07cd02b2e7a61b32bc614304a3,0084a296d7dee6e3,"[""1010""]",SAME_SAMPLE_DIFFERENT_LABEL
EXACT-0164,exact,Satin,Silk,"[""Satin"", ""Silk""]","[""Satin/1010/im_3.png"", ""Silk/1010/im_3.png""]",7cb8dd9c3fcdb925d35675bd0835191418d38141cc8774270265c507c0c0f65b,417f73b90d046dd0,"[""1010""]",SAME_SAMPLE_DIFFERENT_LABEL
EXACT-0165,exact,Satin,Silk,"[""Satin"", ""Silk""]","[""Satin/1010/im_4.png"", ""Silk/1010/im_4.png""]",8fdf3bf12486acea35640652cd371c48a6a645ff751e0e9ef07fe7cf65945e91,0955ca3cc56af534,"[""1010""]",SAME_SAMPLE_DIFFERENT_LABEL
EXACT-0166,exact,Satin,Silk,"[""Satin"", ""Silk""]","[""Satin/1011/im_1.png"", ""Silk/1011/im_1.png""]",c2d45c4a655ca5fa46ab3da7c2b5017bedd9151469ea99a14ce0140d0bd657ad,5533275c0d5929f4,"[""1011""]",SAME_SAMPLE_DIFFERENT_LABEL
EXACT-0167,exact,Satin,Silk,"[""Satin"", ""Silk""]","[""Satin/1011/im_2.png"", ""Silk/1011/im_2.png""]",004e60c22b4cfbc5ce6abf4c320e93647793c510f19417d95475b2f8401587d4,0082939f97d6978e,"[""1011""]",SAME_SAMPLE_DIFFERENT_LABEL
EXACT-0168,exact,Satin,Silk,"[""Satin"", ""Silk""]","[""Satin/1011/im_3.png"", ""Silk/1011/im_3.png""]",7a1d71de62a2309002ba86375dd4a699114b3dc3aa6e48dfc364f1ccdd454364,402d76b96c276993,"[""1011""]",SAME_SAMPLE_DIFFERENT_LABEL
EXACT-0169,exact,Satin,Silk,"[""Satin"", ""Silk""]","[""Satin/1011/im_4.png"", ""Silk/1011/im_4.png""]",ea3b97f6dcd10b2eab313479242c52c1a71a24f6d19ee41c21564dd1030d308b,0256e40df565951f,"[""1011""]",SAME_SAMPLE_DIFFERENT_LABEL
EXACT-0170,exact,Satin,Silk,"[""Satin"", ""Silk""]","[""Satin/1012/im_1.png"", ""Silk/1012/im_1.png""]",90df972552ba4e2ee6e0530ff945e04a9957ac8b38c41c4b7bf64206a70c76df,55ae22400f7b7e34,"[""1012""]",SAME_SAMPLE_DIFFERENT_LABEL
EXACT-0171,exact,Satin,Silk,"[""Satin"", ""Silk""]","[""Satin/1012/im_2.png"", ""Silk/1012/im_2.png""]",6fdca56a56bbaf3c93afac045581f5e743bec6e0a4b39bbeb4ff9c76e60442c7,00db378843f3e59c,"[""1012""]",SAME_SAMPLE_DIFFERENT_LABEL
EXACT-0172,exact,Satin,Silk,"[""Satin"", ""Silk""]","[""Satin/1012/im_3.png"", ""Silk/1012/im_3.png""]",06afd95490d7cbe551aeb2d3d4d8a199b54799550b1ae7035a53cecbdb78b846,400d552f57aa73b8,"[""1012""]",SAME_SAMPLE_DIFFERENT_LABEL
EXACT-0173,exact,Satin,Silk,"[""Satin"", ""Silk""]","[""Satin/1012/im_4.png"", ""Silk/1012/im_4.png""]",7a4a7a85fe2dcc0fc6636883c25df121308cc664706fda379e303bae460e2f56,011b7f0c727ba94c,"[""1012""]",SAME_SAMPLE_DIFFERENT_LABEL
EXACT-0174,exact,Satin,Silk,"[""Satin"", ""Silk""]","[""Satin/1013/im_1.png"", ""Silk/1013/im_1.png""]",dacddde8ab3a57e7a44f33717f6a3d5c2e3b0fd49377230e9ed6baf301291ae9,162327606d7c7cd8,"[""1013""]",SAME_SAMPLE_DIFFERENT_LABEL
EXACT-0175,exact,Satin,Silk,"[""Satin"", ""Silk""]","[""Satin/1013/im_2.png"", ""Silk/1013/im_2.png""]",ccc5fce1c8b6cceff40a1ea7c1b87bbcbdf9acbbfb380a32075f610120750e6c,14d7819893d09eb7,"[""1013""]",SAME_SAMPLE_DIFFERENT_LABEL
EXACT-0176,exact,Satin,Silk,"[""Satin"", ""Silk""]","[""Satin/1013/im_3.png"", ""Silk/1013/im_3.png""]",c3a2d02e75c056ca3ef80832ac4c8850ed5f976dea507f75675105a331aec792,458e775e0e471562,"[""1013""]",SAME_SAMPLE_DIFFERENT_LABEL
EXACT-0177,exact,Satin,Silk,"[""Satin"", ""Silk""]","[""Satin/1013/im_4.png"", ""Silk/1013/im_4.png""]",9a1c866756cc10a01442a8cd133c96bb41587e1222e631f10d26d314a00ba8ea,285dc376983ce925,"[""1013""]",SAME_SAMPLE_DIFFERENT_LABEL
EXACT-0178,exact,Satin,Silk,"[""Satin"", ""Silk""]","[""Satin/1014/im_1.png"", ""Silk/1014/im_1.png""]",a1bbc2e76525c64800ced4979e617f4eaaf2ca8af5e4902e5ebb31dfef5f3ae2,15cf27ca077de420,"[""1014""]",SAME_SAMPLE_DIFFERENT_LABEL
EXACT-0179,exact,Satin,Silk,"[""Satin"", ""Silk""]","[""Satin/1014/im_2.png"", ""Silk/1014/im_2.png""]",18b54ee89f4f68140df0f3e596200f649fe37c158f6f175f476484f948e4d5d3,118887aceac9b76a,"[""1014""]",SAME_SAMPLE_DIFFERENT_LABEL
EXACT-0180,exact,Satin,Silk,"[""Satin"", ""Silk""]","[""Satin/1014/im_3.png"", ""Silk/1014/im_3.png""]",95e2650aec6d930c08aae55a071a684e20d0a17bf33c7e4cafe10025de67e891,006f327b4dc98eb4,"[""1014""]",SAME_SAMPLE_DIFFERENT_LABEL
EXACT-0181,exact,Satin,Silk,"[""Satin"", ""Silk""]","[""Satin/1014/im_4.png"", ""Silk/1014/im_4.png""]",2b6c873ca8093655df8ff74fd8a79eeebce37d9edef3ea8936a7b6d7fe0ab7f1,213fdf168a9629c4,"[""1014""]",SAME_SAMPLE_DIFFERENT_LABEL
EXACT-0182,exact,Satin,Silk,"[""Satin"", ""Silk""]","[""Satin/1015/im_1.png"", ""Silk/1015/im_1.png""]",fbf9a37951d34d4109303444c78d7b920a447c2893c1149b866eafe53e507280,1422236b787ce1bb,"[""1015""]",SAME_SAMPLE_DIFFERENT_LABEL
EXACT-0183,exact,Satin,Silk,"[""Satin"", ""Silk""]","[""Satin/1015/im_2.png"", ""Silk/1015/im_2.png""]",95cd1db50575d5917e8c9f153ad51b1955664702bf3e193db050f043792b5f02,44db859680ab3dcb,"[""1015""]",SAME_SAMPLE_DIFFERENT_LABEL
EXACT-0184,exact,Satin,Silk,"[""Satin"", ""Silk""]","[""Satin/1015/im_3.png"", ""Silk/1015/im_3.png""]",72d5c4919f70f2165078c2f053e0f16f3cfff11a8e1c0e23dad02d6722e179cf,4081773c3aa67e1e,"[""1015""]",SAME_SAMPLE_DIFFERENT_LABEL
EXACT-0185,exact,Satin,Silk,"[""Satin"", ""Silk""]","[""Satin/1015/im_4.png"", ""Silk/1015/im_4.png""]",369c5628020e99dfde0f38a7a1648d4c418eb2488fa80659bd4f567e925e98bd,225fc1568b3e8acc,"[""1015""]",SAME_SAMPLE_DIFFERENT_LABEL
EXACT-0186,exact,Satin,Silk,"[""Satin"", ""Silk""]","[""Satin/1016/im_1.png"", ""Silk/1016/im_1.png""]",c0ded43afbd9d6a571927878081186b435e323938e0ce8220e2f245d44e2af00,1523226e63ec79d8,"[""1016""]",SAME_SAMPLE_DIFFERENT_LABEL
EXACT-0187,exact,Satin,Silk,"[""Satin"", ""Silk""]","[""Satin/1016/im_2.png"", ""Silk/1016/im_2.png""]",9c818fe234d1ced765b3a09c0225ab86d74405bdceaa25b429b206433321e77d,54d6939583ba3583,"[""1016""]",SAME_SAMPLE_DIFFERENT_LABEL
EXACT-0188,exact,Satin,Silk,"[""Satin"", ""Silk""]","[""Satin/1016/im_3.png"", ""Silk/1016/im_3.png""]",34f0c26622dbf86c592c3dce55997b84d982fdad60a435bbff094f5e28dc9e75,440b637b53257e07,"[""1016""]",SAME_SAMPLE_DIFFERENT_LABEL
EXACT-0189,exact,Satin,Silk,"[""Satin"", ""Silk""]","[""Satin/1016/im_4.png"", ""Silk/1016/im_4.png""]",d4832b32ab04c773455f288ceacbd6962011fbc20203b0060d410160c1a442d7,225fc74c4a788778,"[""1016""]",SAME_SAMPLE_DIFFERENT_LABEL
EXACT-0190,exact,Satin,Silk,"[""Satin"", ""Silk""]","[""Satin/1017/im_1.png"", ""Silk/1017/im_1.png""]",8e398788dd34534d91a22beadaa0bf8d1bf6d14f804236f709d0ac6036f7ebe3,542a236c44793e3f,"[""1017""]",SAME_SAMPLE_DIFFERENT_LABEL
EXACT-0191,exact,Satin,Silk,"[""Satin"", ""Silk""]","[""Satin/1017/im_2.png"", ""Silk/1017/im_2.png""]",4b0ff757a1ae1cdccd61025c4df468f7e9b84cdfcd3d6435873a8917a48f2a47,1596839d8b8666b5,"[""1017""]",SAME_SAMPLE_DIFFERENT_LABEL
EXACT-0192,exact,Satin,Silk,"[""Satin"", ""Silk""]","[""Satin/1017/im_3.png"", ""Silk/1017/im_3.png""]",979881672066b9511cbbf15119bd7055c4d3835adc97b592edce773ffb546a1e,40257ff02c3fcf01,"[""1017""]",SAME_SAMPLE_DIFFERENT_LABEL
EXACT-0193,exact,Satin,Silk,"[""Satin"", ""Silk""]","[""Satin/1017/im_4.png"", ""Silk/1017/im_4.png""]",ff137177bf782a662312482566dea0a3e9dfffe96c77064d906ad30d69f49925,285ed21adf4df440,"[""1017""]",SAME_SAMPLE_DIFFERENT_LABEL
