duplicate_group_id,duplicate_type,class_name,file_path,hash,perceptual_hash,perceptual_distance,paired_file_path,paired_class_name
EXACT-0001,exact,Blended,Blended/107/im_2 (copy).png,32dbee6e80f81929645227d321587b0a8121d4352d2234c28278f5b8f5f5e70e,0499663d1b64f34d,,,
EXACT-0001,exact,Blended,Blended/107/im_2.png,32dbee6e80f81929645227d321587b0a8121d4352d2234c28278f5b8f5f5e70e,0499663d1b64f34d,,,
EXACT-0002,exact,Blended,Blended/1369/im_1.png,ec1ee6f118ebde03f0492ff0e4f4626e260a0f4fd9ee55c01f3d58016a6ef155,10953a063c397bbe,,,
EXACT-0002,exact,Blended,Blended/1370/im_1.png,ec1ee6f118ebde03f0492ff0e4f4626e260a0f4fd9ee55c01f3d58016a6ef155,10953a063c397bbe,,,
EXACT-0003,exact,Blended,Blended/1369/im_2.png,568f23f5eb69efde8b4a47698aae17390ec04d12712981acb5ce8641dde067cc,00913e2f3a3f34ba,,,
EXACT-0003,exact,Blended,Blended/1370/im_2.png,568f23f5eb69efde8b4a47698aae17390ec04d12712981acb5ce8641dde067cc,00913e2f3a3f34ba,,,
EXACT-0004,exact,Blended,Blended/1369/im_3.png,e34f91c43b3f8282e1826a110f0b00a5c50dfab0de67d812290083eccf251c3d,4c5a3d2a3a36a8bc,,,
EXACT-0004,exact,Blended,Blended/1370/im_3.png,e34f91c43b3f8282e1826a110f0b00a5c50dfab0de67d812290083eccf251c3d,4c5a3d2a3a36a8bc,,,
EXACT-0005,exact,Blended,Blended/1369/im_4.png,72b0431007453a92779993e81f070e82069a694df45dae81b829ff2de3de0308,02557aa63c39a8ee,,,
EXACT-0005,exact,Blended,Blended/1370/im_4.png,72b0431007453a92779993e81f070e82069a694df45dae81b829ff2de3de0308,02557aa63c39a8ee,,,
EXACT-0006,exact,Blended,Blended/1602/im_1.png,974838d9bfb097437ae6ba3751343648857dab449872374b70aab79ef431b42e,28bfae1442dd7425,,,
EXACT-0006,exact,Blended,Blended/1603/im_1.png,974838d9bfb097437ae6ba3751343648857dab449872374b70aab79ef431b42e,28bfae1442dd7425,,,
EXACT-0007,exact,Blended,Blended/1602/im_2.png,b033985d2afc418224fe609e56f446ce0f172a6ffafaf73c17485385ddbc0db4,1199d984e2f9f238,,,
EXACT-0007,exact,Blended,Blended/1603/im_2.png,b033985d2afc418224fe609e56f446ce0f172a6ffafaf73c17485385ddbc0db4,1199d984e2f9f238,,,
EXACT-0008,exact,Blended,Blended/1602/im_3.png,b11d45fa12e02f86373ba86b9f66e35ec1e65aa5224edebd5c9d8bd87b98d787,444b32333c7c63d9,,,
EXACT-0008,exact,Blended,Blended/1603/im_3.png,b11d45fa12e02f86373ba86b9f66e35ec1e65aa5224edebd5c9d8bd87b98d787,444b32333c7c63d9,,,
EXACT-0009,exact,Blended,Blended/1602/im_4.png,e82567ee2d4e9cd60301a46233bf7467d519b1569c9e6a54e0250d46ff3796c7,01586e175c5e5753,,,
EXACT-0009,exact,Blended,Blended/1603/im_4.png,e82567ee2d4e9cd60301a46233bf7467d519b1569c9e6a54e0250d46ff3796c7,01586e175c5e5753,,,
EXACT-0010,exact,Blended,Blended/1787/im_1.png,0c872d3f7f61a02fc962ce49474d57df008edea4a881e96f9800bf2720bc5069,1890168f61a7973f,,,
EXACT-0010,exact,Blended,Blended/1788/im_1.png,0c872d3f7f61a02fc962ce49474d57df008edea4a881e96f9800bf2720bc5069,1890168f61a7973f,,,
EXACT-0011,exact,Blended,Blended/1787/im_2.png,741fea13c177728dea102e8e69c559956fc81f95db999373f121a81578d230f6,18d0568ee7e6b226,,,
EXACT-0011,exact,Blended,Blended/1788/im_2.png,741fea13c177728dea102e8e69c559956fc81f95db999373f121a81578d230f6,18d0568ee7e6b226,,,
EXACT-0012,exact,Blended,Blended/1787/im_3.png,ae881805d7104396fd9efd2e30439310c0e2012a3ceae7c1429a891ef3b06542,5c59148e67e2b266,,,
EXACT-0012,exact,Blended,Blended/1788/im_3.png,ae881805d7104396fd9efd2e30439310c0e2012a3ceae7c1429a891ef3b06542,5c59148e67e2b266,,,
EXACT-0013,exact,Blended,Blended/1787/im_4.png,e32060b8ec69026538a32298ca7c63c0e17724f3e47464ce5ad43c4fd4463e1c,1859d64f69e0172e,,,
EXACT-0013,exact,Blended,Blended/1788/im_4.png,e32060b8ec69026538a32298ca7c63c0e17724f3e47464ce5ad43c4fd4463e1c,1859d64f69e0172e,,,
EXACT-0014,exact,Blended,Blended/989/im_1.png,731e2f27d2de619f1493cb9459924cdb2698d5c6d37b9ddd3621d179a10b9506,21b53e584dc60b5b,,,
EXACT-0014,exact,Blended,Blended/990/im_1.png,731e2f27d2de619f1493cb9459924cdb2698d5c6d37b9ddd3621d179a10b9506,21b53e584dc60b5b,,,
EXACT-0014,exact,Blended,Blended/991/im_1.png,731e2f27d2de619f1493cb9459924cdb2698d5c6d37b9ddd3621d179a10b9506,21b53e584dc60b5b,,,
EXACT-0015,exact,Blended,Blended/989/im_2.png,68c633066e71afd9e9e5f7569c1fc081c503f508cf960987d2fd139187c71f11,04e4795c4ede283b,,,
EXACT-0015,exact,Blended,Blended/990/im_2.png,68c633066e71afd9e9e5f7569c1fc081c503f508cf960987d2fd139187c71f11,04e4795c4ede283b,,,
EXACT-0015,exact,Blended,Blended/991/im_2.png,68c633066e71afd9e9e5f7569c1fc081c503f508cf960987d2fd139187c71f11,04e4795c4ede283b,,,
EXACT-0016,exact,Blended,Blended/989/im_3.png,309892dd434a7b86ffdceb987ec9a17174c10ec73856132261c428ec266cca15,4cb4310ce7c62bd9,,,
EXACT-0016,exact,Blended,Blended/990/im_3.png,309892dd434a7b86ffdceb987ec9a17174c10ec73856132261c428ec266cca15,4cb4310ce7c62bd9,,,
EXACT-0016,exact,Blended,Blended/991/im_3.png,309892dd434a7b86ffdceb987ec9a17174c10ec73856132261c428ec266cca15,4cb4310ce7c62bd9,,,
EXACT-0017,exact,Blended,Blended/989/im_4.png,b73205e37e048e6a30599bbf9ec377c3b51afddebec3fc23a597e82d99e8f48f,0a740b1ce7922b5f,,,
EXACT-0017,exact,Blended,Blended/990/im_4.png,b73205e37e048e6a30599bbf9ec377c3b51afddebec3fc23a597e82d99e8f48f,0a740b1ce7922b5f,,,
EXACT-0017,exact,Blended,Blended/991/im_4.png,b73205e37e048e6a30599bbf9ec377c3b51afddebec3fc23a597e82d99e8f48f,0a740b1ce7922b5f,,,
EXACT-0018,exact,Corduroy,Corduroy/1232/im_1.png,c61c5d96cd264e151f036b168d7b71a89c6ad5830298a5b841897e699aee94dd,12943a145e5cb6fc,,,
EXACT-0018,exact,Corduroy,Corduroy/1233/im_1.png,c61c5d96cd264e151f036b168d7b71a89c6ad5830298a5b841897e699aee94dd,12943a145e5cb6fc,,,
EXACT-0019,exact,Corduroy,Corduroy/1232/im_2.png,8c470ae9c502c220121dc8f927c6fffa0a87353b2dd2ee9e919840a70e3debe2,01d3552bd42be58b,,,
EXACT-0019,exact,Corduroy,Corduroy/1233/im_2.png,8c470ae9c502c220121dc8f927c6fffa0a87353b2dd2ee9e919840a70e3debe2,01d3552bd42be58b,,,
EXACT-0020,exact,Corduroy,Corduroy/1232/im_3.png,a96c98aea11eca137c4d3b3ab161bd8d6a4b81a456b89a7134dedd7e79950d03,491b0d63458b6dab,,,
EXACT-0020,exact,Corduroy,Corduroy/1233/im_3.png,a96c98aea11eca137c4d3b3ab161bd8d6a4b81a456b89a7134dedd7e79950d03,491b0d63458b6dab,,,
EXACT-0021,exact,Corduroy,Corduroy/1232/im_4.png,cc4fabffecc0c267f48caeba447897871e7b6b8cc762d06965fbc8b72ae32c8e,026e0a560adefb66,,,
EXACT-0021,exact,Corduroy,Corduroy/1233/im_4.png,cc4fabffecc0c267f48caeba447897871e7b6b8cc762d06965fbc8b72ae32c8e,026e0a560adefb66,,,
EXACT-0022,exact,Cotton,Cotton/1224/im_1.png,6eefda3d16c5b3e2be088a53314dc7fcd1291e0110f34deebdd46e05e634190d,1681665c5573ad27,,,
EXACT-0022,exact,Cotton,Cotton/1225/im_1.png,6eefda3d16c5b3e2be088a53314dc7fcd1291e0110f34deebdd46e05e634190d,1681665c5573ad27,,,
EXACT-0023,exact,Cotton,Cotton/1224/im_2.png,f39e4d7f73ed2ec91793eb06c0d31b0088d9e6683b227eaa868d265800bea4b4,14956e1a457e29f4,,,
EXACT-0023,exact,Cotton,Cotton/1225/im_2.png,f39e4d7f73ed2ec91793eb06c0d31b0088d9e6683b227eaa868d265800bea4b4,14956e1a457e29f4,,,
EXACT-0024,exact,Cotton,Cotton/1224/im_3.png,fc5d6ee17d434d58b8d099f856a0eee02dda911baa438f9b3eabb668a092a997,45642e0f35dd0a79,,,
EXACT-0024,exact,Cotton,Cotton/1225/im_3.png,fc5d6ee17d434d58b8d099f856a0eee02dda911baa438f9b3eabb668a092a997,45642e0f35dd0a79,,,
EXACT-0025,exact,Cotton,Cotton/1224/im_4.png,e45c7b6bac032d4c132439085e0276a47ffc459187fae092c36a2cfcf80f667a,045b6b8c7517272b,,,
EXACT-0025,exact,Cotton,Cotton/1225/im_4.png,e45c7b6bac032d4c132439085e0276a47ffc459187fae092c36a2cfcf80f667a,045b6b8c7517272b,,,
EXACT-0026,exact,Cotton,Cotton/1749/im_1.png,e209861e1666959371d7164841ca83a86a1948fcb8b246b17f6d76c28e427f56,01c2168e3dd7ee70,,,
EXACT-0026,exact,Cotton,Cotton/1750/im_1.png,e209861e1666959371d7164841ca83a86a1948fcb8b246b17f6d76c28e427f56,01c2168e3dd7ee70,,,
EXACT-0027,exact,Cotton,Cotton/1749/im_2.png,cfdb573dc737852c26b51e56f9133d4108bdae4e9b477ba5ade2f07882806a67,03c61a0f1fd64e74,,,
EXACT-0027,exact,Cotton,Cotton/1750/im_2.png,cfdb573dc737852c26b51e56f9133d4108bdae4e9b477ba5ade2f07882806a67,03c61a0f1fd64e74,,,
EXACT-0028,exact,Cotton,Cotton/1749/im_3.png,a63cc9933a9b215aa3cb323529e2c150a51ec4d3103b59d5501368402544f279,43421a8f3f59e730,,,
EXACT-0028,exact,Cotton,Cotton/1750/im_3.png,a63cc9933a9b215aa3cb323529e2c150a51ec4d3103b59d5501368402544f279,43421a8f3f59e730,,,
EXACT-0029,exact,Cotton,Cotton/1749/im_4.png,86c86d48f8f3fa7e2b8b6de9aa984763dfd3d7454f8ca8e8321b889de8fe0aa2,03561a8e375bec70,,,
EXACT-0029,exact,Cotton,Cotton/1750/im_4.png,86c86d48f8f3fa7e2b8b6de9aa984763dfd3d7454f8ca8e8321b889de8fe0aa2,03561a8e375bec70,,,
EXACT-0030,exact,Cotton,Cotton/1943/im_1.png,a5fbe02c6079934c983255c8bdebc387e19410a739da4214c99fbdd78d3d0a15,05ac2b1017f1abbe,,,
EXACT-0030,exact,Cotton,Cotton/1944/im_1.png,a5fbe02c6079934c983255c8bdebc387e19410a739da4214c99fbdd78d3d0a15,05ac2b1017f1abbe,,,
EXACT-0031,exact,Cotton,Cotton/1943/im_2.png,f2f780098786d08b36d7082b0f6ac926eb2782e99061bfd8e9263fa729b57589,168b215195d5d9cb,,,
EXACT-0031,exact,Cotton,Cotton/1944/im_2.png,f2f780098786d08b36d7082b0f6ac926eb2782e99061bfd8e9263fa729b57589,168b215195d5d9cb,,,
EXACT-0032,exact,Cotton,Cotton/1943/im_3.png,79b4929d9e62c7144c42ebd601e6c7691c7a91b940ef59f3baea7f8944c4adc2,56ba24411b5e2bba,,,
EXACT-0032,exact,Cotton,Cotton/1944/im_3.png,79b4929d9e62c7144c42ebd601e6c7691c7a91b940ef59f3baea7f8944c4adc2,56ba24411b5e2bba,,,
EXACT-0033,exact,Cotton,Cotton/1943/im_4.png,18290e261c0403b544609b4f7671a9eb226f3d656a3cca7d8cbd3f96aadef3b9,013c66935f3823be,,,
EXACT-0033,exact,Cotton,Cotton/1944/im_4.png,18290e261c0403b544609b4f7671a9eb226f3d656a3cca7d8cbd3f96aadef3b9,013c66935f3823be,,,
EXACT-0034,exact,Cotton,Cotton/204/im_1.png,ad7c9f89135519a14082e7f9e6eee5b6699d9789ea8481ec88f85bc0e337748d,05837ad53c72744b,,,
EXACT-0034,exact,Cotton,Cotton/205/im_1.png,ad7c9f89135519a14082e7f9e6eee5b6699d9789ea8481ec88f85bc0e337748d,05837ad53c72744b,,,
EXACT-0035,exact,Cotton,Cotton/204/im_2.png,5be66f46266c98ec720a80ce87d433e20ed55bf9e68868cdffe6914fa0733414,04837ccd1d7a744b,,,
EXACT-0035,exact,Cotton,Cotton/205/im_2.png,5be66f46266c98ec720a80ce87d433e20ed55bf9e68868cdffe6914fa0733414,04837ccd1d7a744b,,,
EXACT-0036,exact,Cotton,Cotton/204/im_3.png,0bd3a26e45ccebc4592ed8bb6a93dfbb5267d060a2a4a3b65752abfe9eef6640,403579903e7a7a4b,,,
EXACT-0036,exact,Cotton,Cotton/205/im_3.png,0bd3a26e45ccebc4592ed8bb6a93dfbb5267d060a2a4a3b65752abfe9eef6640,403579903e7a7a4b,,,
EXACT-0037,exact,Cotton,Cotton/204/im_4.png,a25456ae122f34b424b6ba6b12c89856c169b89b658f8b5eb561e2271b91c6b1,005778b43e327ec9,,,
EXACT-0037,exact,Cotton,Cotton/205/im_4.png,a25456ae122f34b424b6ba6b12c89856c169b89b658f8b5eb561e2271b91c6b1,005778b43e327ec9,,,
EXACT-0038,exact,Cotton,Cotton/234/im_1.png,071381c70c8312b45f3c9fc807fd19e649d58bad38b8981fb67d1b75da2161e6,0578f7f81861b435,,,
EXACT-0038,exact,Cotton,Cotton/235/im_1.png,071381c70c8312b45f3c9fc807fd19e649d58bad38b8981fb67d1b75da2161e6,0578f7f81861b435,,,
EXACT-0039,exact,Cotton,Cotton/234/im_2.png,98a95e50b7c520f147679ab67ab9ba496c7077e1b7bca9bc9df26dc4e4683180,00317ee57ec13e31,,,
EXACT-0039,exact,Cotton,Cotton/235/im_2.png,98a95e50b7c520f147679ab67ab9ba496c7077e1b7bca9bc9df26dc4e4683180,00317ee57ec13e31,,,
EXACT-0040,exact,Cotton,Cotton/234/im_3.png,c50f9d435e5ce294994af32d3f8a28a3e41477666dd7e476ca3bb73b52403ab6,520b789e27f51a31,,,
EXACT-0040,exact,Cotton,Cotton/235/im_3.png,c50f9d435e5ce294994af32d3f8a28a3e41477666dd7e476ca3bb73b52403ab6,520b789e27f51a31,,,
EXACT-0041,exact,Cotton,Cotton/234/im_4.png,81a1bb4075e1beac0d1f89c7714fed3cfaf48bf6b42d497f38c6e9cab298c343,0473f51e0037f0bb,,,
EXACT-0041,exact,Cotton,Cotton/235/im_4.png,81a1bb4075e1beac0d1f89c7714fed3cfaf48bf6b42d497f38c6e9cab298c343,0473f51e0037f0bb,,,
EXACT-0042,exact,Cotton,Cotton/248/im_1.png,ded11fff4b113d4c81b67891adfc40dc697256db6956bc5f867ac52b36b8f9f5,04c061794fdf38f4,,,
EXACT-0042,exact,Cotton,Cotton/249/im_1.png,ded11fff4b113d4c81b67891adfc40dc697256db6956bc5f867ac52b36b8f9f5,04c061794fdf38f4,,,
EXACT-0043,exact,Cotton,Cotton/248/im_2.png,619a8aef7acb69afcceedf21b8dfcf28e719556bb61c4ab1c4517623d80d0ee0,00c3671f1fe2650f,,,
EXACT-0043,exact,Cotton,Cotton/249/im_2.png,619a8aef7acb69afcceedf21b8dfcf28e719556bb61c4ab1c4517623d80d0ee0,00c3671f1fe2650f,,,
EXACT-0044,exact,Cotton,Cotton/248/im_3.png,946306a25df94bd677fd3f78bda2c1a26771f1b13cc70681c55d88b6b556b38e,413b2e8c347665ea,,,
EXACT-0044,exact,Cotton,Cotton/249/im_3.png,946306a25df94bd677fd3f78bda2c1a26771f1b13cc70681c55d88b6b556b38e,413b2e8c347665ea,,,
EXACT-0045,exact,Cotton,Cotton/248/im_4.png,85e666329af449a72100c5f21a5927af8d1a1fcbd9231bf56a4028dfa7b863b3,005429ef6f1e5af0,,,
EXACT-0045,exact,Cotton,Cotton/249/im_4.png,85e666329af449a72100c5f21a5927af8d1a1fcbd9231bf56a4028dfa7b863b3,005429ef6f1e5af0,,,
EXACT-0046,exact,Cotton,Cotton/415/im_1.png,fd41f2c6c1e87846724b18f04a545e07799a5ca9ec27cba42f7f25b504f30f31,0a91753c6f4a7817,,,
EXACT-0046,exact,Cotton,Cotton/416/im_1.png,fd41f2c6c1e87846724b18f04a545e07799a5ca9ec27cba42f7f25b504f30f31,0a91753c6f4a7817,,,
EXACT-0047,exact,Cotton,Cotton/415/im_2.png,868a8859d40772cd8e1ff62f7d2cf8e3fb091dbb3d95456523bbe497377ecf49,01967d385e8e691b,,,
EXACT-0047,exact,Cotton,Cotton/416/im_2.png,868a8859d40772cd8e1ff62f7d2cf8e3fb091dbb3d95456523bbe497377ecf49,01967d385e8e691b,,,
EXACT-0048,exact,Cotton,Cotton/415/im_3.png,fe2c152fc0cf0351376ca595e435d181561697ed9528bbe466c8576076aac65d,453d3a0e37414df2,,,
EXACT-0048,exact,Cotton,Cotton/416/im_3.png,fe2c152fc0cf0351376ca595e435d181561697ed9528bbe466c8576076aac65d,453d3a0e37414df2,,,
EXACT-0049,exact,Cotton,Cotton/415/im_4.png,640b81383928dd9a7908f2cfbe0e0a77e78c581cd3e2c5f7009e35c1862a19b3,0a718b15a7d91ad6,,,
EXACT-0049,exact,Cotton,Cotton/416/im_4.png,640b81383928dd9a7908f2cfbe0e0a77e78c581cd3e2c5f7009e35c1862a19b3,0a718b15a7d91ad6,,,
EXACT-0050,exact,Cotton,Cotton/467/im_1.png,26ae67a0e9f6f5d9009060fe648dc98afe582a74c576fff1dba94655b39b73ec,05b131667e2f2c87,,,
EXACT-0050,exact,Cotton,Cotton/468/im_1.png,26ae67a0e9f6f5d9009060fe648dc98afe582a74c576fff1dba94655b39b73ec,05b131667e2f2c87,,,
EXACT-0051,exact,Cotton,Cotton/467/im_2.png,df1206e826b85b957d1d0105704872f99043db3ccba88b851feb23c2e9b90545,119514073f2f2f87,,,
EXACT-0051,exact,Cotton,Cotton/468/im_2.png,df1206e826b85b957d1d0105704872f99043db3ccba88b851feb23c2e9b90545,119514073f2f2f87,,,
EXACT-0052,exact,Cotton,Cotton/467/im_3.png,eb59f813437c04381d0506ba2108fc831b960f31084932f022d0fbda605e125f,553e35372a34338a,,,
EXACT-0052,exact,Cotton,Cotton/468/im_3.png,eb59f813437c04381d0506ba2108fc831b960f31084932f022d0fbda605e125f,553e35372a34338a,,,
EXACT-0053,exact,Cotton,Cotton/467/im_4.png,c27f4390fa39bbd515c847a1e5f1cfae5415b7729f20138249ad8bce558c5d6b,115571b67aa63a89,,,
EXACT-0053,exact,Cotton,Cotton/468/im_4.png,c27f4390fa39bbd515c847a1e5f1cfae5415b7729f20138249ad8bce558c5d6b,115571b67aa63a89,,,
EXACT-0054,exact,Crepe,Crepe/1000/im_1.png,322cec40cb5a0faba2d234227078cdeb7376abc0ae2485a8a5c81a62ecab9b4f,14952257797260fe,,,
EXACT-0054,exact,Polyester,Polyester/1000/im_1.png,322cec40cb5a0faba2d234227078cdeb7376abc0ae2485a8a5c81a62ecab9b4f,14952257797260fe,,,
EXACT-0055,exact,Crepe,Crepe/1000/im_2.png,242f1285a0f436d4983ef20082fb3e33526dcedf0decc0bc84b89e9df055e99e,05d33703751b659a,,,
EXACT-0055,exact,Polyester,Polyester/1000/im_2.png,242f1285a0f436d4983ef20082fb3e33526dcedf0decc0bc84b89e9df055e99e,05d33703751b659a,,,
EXACT-0056,exact,Crepe,Crepe/1000/im_3.png,6a171982e7026d9444e3c1b1c7d3bd68f5abbffc65e6c8dc24db14fb6050d10f,44373d462d71359a,,,
EXACT-0056,exact,Polyester,Polyester/1000/im_3.png,6a171982e7026d9444e3c1b1c7d3bd68f5abbffc65e6c8dc24db14fb6050d10f,44373d462d71359a,,,
EXACT-0057,exact,Crepe,Crepe/1000/im_4.png,7329e94c6c0b5dc1c29812be0e2e24ae88d2e02c0e33ec9ce4d3c82b44834d05,045760976bd266ba,,,
EXACT-0057,exact,Polyester,Polyester/1000/im_4.png,7329e94c6c0b5dc1c29812be0e2e24ae88d2e02c0e33ec9ce4d3c82b44834d05,045760976bd266ba,,,
EXACT-0058,exact,Crepe,Crepe/1001/im_1.png,0a54f582aae78616225d45d25743b9d756cfbf7648735cb182d4f2344bbd7480,10863a6b6b69639e,,,
EXACT-0058,exact,Polyester,Polyester/1001/im_1.png,0a54f582aae78616225d45d25743b9d756cfbf7648735cb182d4f2344bbd7480,10863a6b6b69639e,,,
EXACT-0059,exact,Crepe,Crepe/1001/im_2.png,d2289459850259374d9542c251366da9517637de204666e8786bc5573693d421,00867a3f277c239e,,,
EXACT-0059,exact,Polyester,Polyester/1001/im_2.png,d2289459850259374d9542c251366da9517637de204666e8786bc5573693d421,00867a3f277c239e,,,
EXACT-0060,exact,Crepe,Crepe/1001/im_3.png,3e8a2b30fe9b28f07f96828cac8b41e2b695b14b1e2a05097a62a892cfe1ce3c,402e3b3a2e7032fe,,,
EXACT-0060,exact,Polyester,Polyester/1001/im_3.png,3e8a2b30fe9b28f07f96828cac8b41e2b695b14b1e2a05097a62a892cfe1ce3c,402e3b3a2e7032fe,,,
EXACT-0061,exact,Crepe,Crepe/1001/im_4.png,fe43749417fbab2fbb602cea0861b0c8fcf91bbf46a408e06fba594834e64a75,005a7aa56f6077aa,,,
EXACT-0061,exact,Polyester,Polyester/1001/im_4.png,fe43749417fbab2fbb602cea0861b0c8fcf91bbf46a408e06fba594834e64a75,005a7aa56f6077aa,,,
EXACT-0062,exact,Crepe,Crepe/1002/im_1.png,e69a265317d78998bfccc05f09ae720df66c397a4090e9712c0238a69c443d75,10b8285d477c636f,,,
EXACT-0062,exact,Polyester,Polyester/1002/im_1.png,e69a265317d78998bfccc05f09ae720df66c397a4090e9712c0238a69c443d75,10b8285d477c636f,,,
EXACT-0063,exact,Crepe,Crepe/1002/im_2.png,c4a8de069572446cd69292c932c520b6d05436f1c801ab9d40c854c2930686ee,00907a2f1f7e653c,,,
EXACT-0063,exact,Polyester,Polyester/1002/im_2.png,c4a8de069572446cd69292c932c520b6d05436f1c801ab9d40c854c2930686ee,00907a2f1f7e653c,,,
EXACT-0064,exact,Crepe,Crepe/1002/im_3.png,68cec3f518884425c79d12903bf7079f14b9aae0ff745956875ff5dfe619cfd9,441e322f0b743dae,,,
EXACT-0064,exact,Polyester,Polyester/1002/im_3.png,68cec3f518884425c79d12903bf7079f14b9aae0ff745956875ff5dfe619cfd9,441e322f0b743dae,,,
EXACT-0065,exact,Crepe,Crepe/1002/im_4.png,40800d96881fbe96debd3ef41ca7a56b0f69363f5f5145d432f5ee42dea485ca,005c605f07f4edec,,,
EXACT-0065,exact,Polyester,Polyester/1002/im_4.png,40800d96881fbe96debd3ef41ca7a56b0f69363f5f5145d432f5ee42dea485ca,005c605f07f4edec,,,
EXACT-0066,exact,Crepe,Crepe/1003/im_1.png,55bbc054ee1ae750da41eb08dc282f7f6c53736da96efb3365dff5316063e4b7,00ab7e54653d6da4,,,
EXACT-0066,exact,Polyester,Polyester/1003/im_1.png,55bbc054ee1ae750da41eb08dc282f7f6c53736da96efb3365dff5316063e4b7,00ab7e54653d6da4,,,
EXACT-0067,exact,Crepe,Crepe/1003/im_2.png,af2f678ad194acc5c1836c212a6e743a9222799396950aee64b1159f9578a26b,01965b9e259563b6,,,
EXACT-0067,exact,Polyester,Polyester/1003/im_2.png,af2f678ad194acc5c1836c212a6e743a9222799396950aee64b1159f9578a26b,01965b9e259563b6,,,
EXACT-0068,exact,Crepe,Crepe/1003/im_3.png,d3a0209bcd904915262a220fe8e2527ebda57da7babe7079c8c9b46363e406c8,71021e5a26356f97,,,
EXACT-0068,exact,Polyester,Polyester/1003/im_3.png,d3a0209bcd904915262a220fe8e2527ebda57da7babe7079c8c9b46363e406c8,71021e5a26356f97,,,
EXACT-0069,exact,Crepe,Crepe/1003/im_4.png,9bf0305a0a44b36de090bbcb810835ac9a96204569ebee0c6e93fcb3b25620c7,00775e34275d558e,,,
EXACT-0069,exact,Polyester,Polyester/1003/im_4.png,9bf0305a0a44b36de090bbcb810835ac9a96204569ebee0c6e93fcb3b25620c7,00775e34275d558e,,,
EXACT-0070,exact,Crepe,Crepe/1028/im_1.png,02c4b6b419cfda3913e04245ceb13fef40cddb0c405d1a3ee0e25d5023c305fe,15ae3f79194f3900,,,
EXACT-0070,exact,Satin,Satin/1028/im_1.png,02c4b6b419cfda3913e04245ceb13fef40cddb0c405d1a3ee0e25d5023c305fe,15ae3f79194f3900,,,
EXACT-0071,exact,Crepe,Crepe/1028/im_2.png,3466202438afa3c5f1e5a62bc23ea6984b0812c4a790d93de5bccc5c4795a718,02d9308f3ae8f3b4,,,
EXACT-0071,exact,Satin,Satin/1028/im_2.png,3466202438afa3c5f1e5a62bc23ea6984b0812c4a790d93de5bccc5c4795a718,02d9308f3ae8f3b4,,,
EXACT-0072,exact,Crepe,Crepe/1028/im_3.png,c6c16361bd576fb52423a54a65166db032f9ba9284928c1655553c603284bb78,402a6d392c3f52bb,,,
EXACT-0072,exact,Satin,Satin/1028/im_3.png,c6c16361bd576fb52423a54a65166db032f9ba9284928c1655553c603284bb78,402a6d392c3f52bb,,,
EXACT-0073,exact,Crepe,Crepe/1028/im_4.png,87fe3845b31650daef40f02a33a8759bf236ed188fd6fdb666352a1e8f81f4ef,051d71045752ea7f,,,
EXACT-0073,exact,Satin,Satin/1028/im_4.png,87fe3845b31650daef40f02a33a8759bf236ed188fd6fdb666352a1e8f81f4ef,051d71045752ea7f,,,
EXACT-0074,exact,Crepe,Crepe/1029/im_1.png,c1fdab298bfea6ba386cb4c6f63571150d22f2e53c9fb391fd90071e74d2441f,16bf25416a526af4,,,
EXACT-0074,exact,Satin,Satin/1029/im_1.png,c1fdab298bfea6ba386cb4c6f63571150d22f2e53c9fb391fd90071e74d2441f,16bf25416a526af4,,,
EXACT-0075,exact,Crepe,Crepe/1029/im_2.png,a2b93a1b7f55108143cb9e17eac49ebb6e921f65c95957661bb25a9a1971f9cd,0186eab6258fe347,,,
EXACT-0075,exact,Satin,Satin/1029/im_2.png,a2b93a1b7f55108143cb9e17eac49ebb6e921f65c95957661bb25a9a1971f9cd,0186eab6258fe347,,,
EXACT-0076,exact,Crepe,Crepe/1029/im_3.png,8d104f0008a4d385d5cef98c91c28d8e4e2c9b602ce6477915f470cf988037b5,4233357d2a5129be,,,
EXACT-0076,exact,Satin,Satin/1029/im_3.png,8d104f0008a4d385d5cef98c91c28d8e4e2c9b602ce6477915f470cf988037b5,4233357d2a5129be,,,
EXACT-0077,exact,Crepe,Crepe/1029/im_4.png,ed6082a4d0503351b9a42ea66f8e1452029ac95e6bb3ee9fa75023a5af4a778c,006dea3394ad7a33,,,
EXACT-0077,exact,Satin,Satin/1029/im_4.png,ed6082a4d0503351b9a42ea66f8e1452029ac95e6bb3ee9fa75023a5af4a778c,006dea3394ad7a33,,,
EXACT-0078,exact,Crepe,Crepe/1030/im_1.png,284b60d9ef6a419e7c27f2c53a34940cd25b6a18547f9147636040b792a289d7,14d033511c6f2aef,,,
EXACT-0078,exact,Satin,Satin/1030/im_1.png,284b60d9ef6a419e7c27f2c53a34940cd25b6a18547f9147636040b792a289d7,14d033511c6f2aef,,,
EXACT-0079,exact,Crepe,Crepe/1030/im_2.png,a385265d2300464d1e67de8a94cdcc943db12d569f1a4add8fa337c3e6e93f1c,11b6a48391f4c5fc,,,
EXACT-0079,exact,Satin,Satin/1030/im_2.png,a385265d2300464d1e67de8a94cdcc943db12d569f1a4add8fa337c3e6e93f1c,11b6a48391f4c5fc,,,
EXACT-0080,exact,Crepe,Crepe/1030/im_3.png,b05e37376af4dcdb2ae1a4020908df8052ca7697e18da3a97122947b22c568c0,4e69335a0e537616,,,
EXACT-0080,exact,Satin,Satin/1030/im_3.png,b05e37376af4dcdb2ae1a4020908df8052ca7697e18da3a97122947b22c568c0,4e69335a0e537616,,,
EXACT-0081,exact,Crepe,Crepe/1030/im_4.png,a4d4d5ee4378dfee309cb7c40383aced817b9e80db4279ecf1ff59c094da04ff,211fe64dd205fb41,,,
EXACT-0081,exact,Satin,Satin/1030/im_4.png,a4d4d5ee4378dfee309cb7c40383aced817b9e80db4279ecf1ff59c094da04ff,211fe64dd205fb41,,,
EXACT-0082,exact,Crepe,Crepe/1031/im_1.png,4f48f710f88c9401c3aa130a7f48b3fbee845e839ca151b79cc86ae984f4c0f1,1fbf325d015125c5,,,
EXACT-0082,exact,Satin,Satin/1031/im_1.png,4f48f710f88c9401c3aa130a7f48b3fbee845e839ca151b79cc86ae984f4c0f1,1fbf325d015125c5,,,
EXACT-0083,exact,Crepe,Crepe/1031/im_2.png,6bfcb54e1e691f396e50f0933be7611f5e2cc140e276e1691318215d23d2b5e9,12d4b9badec2a815,,,
EXACT-0083,exact,Satin,Satin/1031/im_2.png,6bfcb54e1e691f396e50f0933be7611f5e2cc140e276e1691318215d23d2b5e9,12d4b9badec2a815,,,
EXACT-0084,exact,Crepe,Crepe/1031/im_3.png,279803eba1788180c6634aab44c75e6f587b975cf05c4b7bfab13dbbfc48f1b3,553a645568394bcb,,,
EXACT-0084,exact,Satin,Satin/1031/im_3.png,279803eba1788180c6634aab44c75e6f587b975cf05c4b7bfab13dbbfc48f1b3,553a645568394bcb,,,
EXACT-0085,exact,Crepe,Crepe/1031/im_4.png,98bff05bc621a5121bd9ab77314aada56cc50777feae12ed667364af18f32829,2356cd28c605de7a,,,
EXACT-0085,exact,Satin,Satin/1031/im_4.png,98bff05bc621a5121bd9ab77314aada56cc50777feae12ed667364af18f32829,2356cd28c605de7a,,,
EXACT-0086,exact,Crepe,Crepe/1032/im_1.png,e7417bee15a2fa5f29777b58dfcb4c9a2b1bc465365b1bf87406faea727b943a,123f3d6266646297,,,
EXACT-0086,exact,Satin,Satin/1032/im_1.png,e7417bee15a2fa5f29777b58dfcb4c9a2b1bc465365b1bf87406faea727b943a,123f3d6266646297,,,
EXACT-0087,exact,Crepe,Crepe/1032/im_2.png,788d2758b7ff28ec5c2a20fd213d1ddb101d19384b48f42378396def8f56fa33,4f94960c098fa8ef,,,
EXACT-0087,exact,Satin,Satin/1032/im_2.png,788d2758b7ff28ec5c2a20fd213d1ddb101d19384b48f42378396def8f56fa33,4f94960c098fa8ef,,,
EXACT-0088,exact,Crepe,Crepe/1032/im_3.png,4e72f42af99353ead03a967154c46efc30ffe6539283d01b0c67ed9d8cae09e2,413f39d27629129e,,,
EXACT-0088,exact,Satin,Satin/1032/im_3.png,4e72f42af99353ead03a967154c46efc30ffe6539283d01b0c67ed9d8cae09e2,413f39d27629129e,,,
EXACT-0089,exact,Crepe,Crepe/1032/im_4.png,47f8bd9e73d13c62044f8d8dfbeffb51165622b825eb3be04e2e6bc0a8e50089,0970f135cd3a16ba,,,
EXACT-0089,exact,Satin,Satin/1032/im_4.png,47f8bd9e73d13c62044f8d8dfbeffb51165622b825eb3be04e2e6bc0a8e50089,0970f135cd3a16ba,,,
EXACT-0090,exact,Crepe,Crepe/1033/im_1.png,967c1214896b53be6d85711b6736f294e5ba9c54e6198e15d68d68d44c704bf6,2e3f210c0d536fd1,,,
EXACT-0090,exact,Satin,Satin/1033/im_1.png,967c1214896b53be6d85711b6736f294e5ba9c54e6198e15d68d68d44c704bf6,2e3f210c0d536fd1,,,
EXACT-0091,exact,Crepe,Crepe/1033/im_2.png,0a58628dee3fc32d325f735313bc2c5d763896e9394d415366af374e41c281f5,29d0d69a9af1b1a1,,,
EXACT-0091,exact,Satin,Satin/1033/im_2.png,0a58628dee3fc32d325f735313bc2c5d763896e9394d415366af374e41c281f5,29d0d69a9af1b1a1,,,
EXACT-0092,exact,Crepe,Crepe/1033/im_3.png,c93d62735af00c9e1aa0b06e6a9de16cdd9e4f2bfcfb6fb44cd6413680a2d424,7631299a4419ceed,,,
EXACT-0092,exact,Satin,Satin/1033/im_3.png,c93d62735af00c9e1aa0b06e6a9de16cdd9e4f2bfcfb6fb44cd6413680a2d424,7631299a4419ceed,,,
EXACT-0093,exact,Crepe,Crepe/1033/im_4.png,ba1c9d8559f2fa16cd4c3cdd4633219883026bc8cb84a6e0485205b04bc32c0d,2d73de35c826a851,,,
EXACT-0093,exact,Satin,Satin/1033/im_4.png,ba1c9d8559f2fa16cd4c3cdd4633219883026bc8cb84a6e0485205b04bc32c0d,2d73de35c826a851,,,
EXACT-0094,exact,Crepe,Crepe/998/im_1.png,d1c42aaedd025d635aca8783e9fe2f83f4cdf1243da5c70a2a8c134a7c078d02,2aa0e21f5f443af8,,,
EXACT-0094,exact,Polyester,Polyester/998/im_1.png,d1c42aaedd025d635aca8783e9fe2f83f4cdf1243da5c70a2a8c134a7c078d02,2aa0e21f5f443af8,,,
EXACT-0095,exact,Crepe,Crepe/998/im_2.png,90d16bfcc70a049e3b60e12696cfa0d0b27a488a74bbbbe3cb7f62bfdefecd4f,0094b6989bf2bab9,,,
EXACT-0095,exact,Polyester,Polyester/998/im_2.png,90d16bfcc70a049e3b60e12696cfa0d0b27a488a74bbbbe3cb7f62bfdefecd4f,0094b6989bf2bab9,,,
EXACT-0096,exact,Crepe,Crepe/998/im_3.png,10c65a0683c438c809145a0b3539ef650e842fea434bbbea7f3b4958dfe73f1e,7e2323d91e0e80fa,,,
EXACT-0096,exact,Polyester,Polyester/998/im_3.png,10c65a0683c438c809145a0b3539ef650e842fea434bbbea7f3b4958dfe73f1e,7e2323d91e0e80fa,,,
EXACT-0097,exact,Crepe,Crepe/998/im_4.png,910a1a9cb51e28a19fc3d485757995d7037a53eca94b9a857970937d53136e62,007ee31df9049c79,,,
EXACT-0097,exact,Polyester,Polyester/998/im_4.png,910a1a9cb51e28a19fc3d485757995d7037a53eca94b9a857970937d53136e62,007ee31df9049c79,,,
EXACT-0098,exact,Crepe,Crepe/999/im_1.png,1466233831e3d9996b15c270222408a4edd01553d68e409193193804500e2c86,03bd6758435123db,,,
EXACT-0098,exact,Polyester,Polyester/999/im_1.png,1466233831e3d9996b15c270222408a4edd01553d68e409193193804500e2c86,03bd6758435123db,,,
EXACT-0099,exact,Crepe,Crepe/999/im_2.png,5643d64e6440e0b019ca1011ee87621c359277411e340c30b8a875348f206c78,01c9365acc2b6eab,,,
EXACT-0099,exact,Polyester,Polyester/999/im_2.png,5643d64e6440e0b019ca1011ee87621c359277411e340c30b8a875348f206c78,01c9365acc2b6eab,,,
EXACT-0100,exact,Crepe,Crepe/999/im_3.png,f7c31636ea4c9bab107d8f9d138cb8548e195e405f5aa462403db1f0aca1cb9e,55203f6f011fc8f1,,,
EXACT-0100,exact,Polyester,Polyester/999/im_3.png,f7c31636ea4c9bab107d8f9d138cb8548e195e405f5aa462403db1f0aca1cb9e,55203f6f011fc8f1,,,
EXACT-0101,exact,Crepe,Crepe/999/im_4.png,927707255b6ca36356816ed552bad894514846d5fe51cc20f5e6648e3c4cc490,0179679f091743cb,,,
EXACT-0101,exact,Polyester,Polyester/999/im_4.png,927707255b6ca36356816ed552bad894514846d5fe51cc20f5e6648e3c4cc490,0179679f091743cb,,,
EXACT-0102,exact,Denim,Denim/150/im_1.png,4d48e5fee61b3f25debb880ad06fde902084d3347cb6cb96492aff8bf1002eee,169752fe4692a2b1,,,
EXACT-0102,exact,Denim,Denim/151/im_1.png,4d48e5fee61b3f25debb880ad06fde902084d3347cb6cb96492aff8bf1002eee,169752fe4692a2b1,,,
EXACT-0103,exact,Denim,Denim/150/im_2.png,45f08b546bd58a5224176fe230c000c755378e6e4e0751fc0b9ddefa51cc34c8,069742bcc716baa9,,,
EXACT-0103,exact,Denim,Denim/151/im_2.png,45f08b546bd58a5224176fe230c000c755378e6e4e0751fc0b9ddefa51cc34c8,069742bcc716baa9,,,
EXACT-0104,exact,Denim,Denim/150/im_3.png,f78f45f6bc6ab5bae6ecc223622e0c6cb689258586c9df93cc1e9fe999b3d94f,423351b4539aabf8,,,
EXACT-0104,exact,Denim,Denim/151/im_3.png,f78f45f6bc6ab5bae6ecc223622e0c6cb689258586c9df93cc1e9fe999b3d94f,423351b4539aabf8,,,
EXACT-0105,exact,Denim,Denim/150/im_4.png,543dcb24273421e31f1f5d4a87a9fb37b849ed55651c35c5db357faaaa4091ce,3617517c5292aaf8,,,
EXACT-0105,exact,Denim,Denim/151/im_4.png,543dcb24273421e31f1f5d4a87a9fb37b849ed55651c35c5db357faaaa4091ce,3617517c5292aaf8,,,
EXACT-0106,exact,Leather,Leather/1959/im_1.png,79b40f7f23ce6fd8b594f9a64a57472710c9f776fd155dba71f94b9add303273,2b95757528317954,,,
EXACT-0106,exact,Leather,Leather/1960/im_1.png,79b40f7f23ce6fd8b594f9a64a57472710c9f776fd155dba71f94b9add303273,2b95757528317954,,,
EXACT-0107,exact,Leather,Leather/1959/im_2.png,7ac11047f81b504aca4f73333d0d2a06e532afda7ba1da8cae4c439c0232361d,1684e8decad2fc88,,,
EXACT-0107,exact,Leather,Leather/1960/im_2.png,7ac11047f81b504aca4f73333d0d2a06e532afda7ba1da8cae4c439c0232361d,1684e8decad2fc88,,,
EXACT-0108,exact,Leather,Leather/1959/im_3.png,129a33947c86037e180dbdaba947ec92490a50edf0781499ed0d304301ec927e,7e182f00ff740fa0,,,
EXACT-0108,exact,Leather,Leather/1960/im_3.png,129a33947c86037e180dbdaba947ec92490a50edf0781499ed0d304301ec927e,7e182f00ff740fa0,,,
EXACT-0109,exact,Leather,Leather/1959/im_4.png,847e55107554826ebaa3f6d585b634072f9785c04711fef0f9df5780b61afd28,0558b56e244bb3ce,,,
EXACT-0109,exact,Leather,Leather/1960/im_4.png,847e55107554826ebaa3f6d585b634072f9785c04711fef0f9df5780b61afd28,0558b56e244bb3ce,,,
EXACT-0110,exact,Polyester,Polyester/1705/im_1.png,2585729cfcceb97a58e8b650d2d13e55bc136a9d32bd0b977fc3f6e178ac5273,00bf3b5555622a57,,,
EXACT-0110,exact,Polyester,Polyester/1706/im_1.png,2585729cfcceb97a58e8b650d2d13e55bc136a9d32bd0b977fc3f6e178ac5273,00bf3b5555622a57,,,
EXACT-0111,exact,Polyester,Polyester/1705/im_2.png,22af6f41e097a0ec0177d3c476d4ac12288cf4f0cdb9deb7eb0063696efaef91,019727ca7df5206c,,,
EXACT-0111,exact,Polyester,Polyester/1706/im_2.png,22af6f41e097a0ec0177d3c476d4ac12288cf4f0cdb9deb7eb0063696efaef91,019727ca7df5206c,,,
EXACT-0112,exact,Polyester,Polyester/1705/im_3.png,58e2eedfdea7d7666ad6905d8c41881ba282044e81611c271ca53d5636b203b1,552a29ea15aa227f,,,
EXACT-0112,exact,Polyester,Polyester/1706/im_3.png,58e2eedfdea7d7666ad6905d8c41881ba282044e81611c271ca53d5636b203b1,552a29ea15aa227f,,,
EXACT-0113,exact,Polyester,Polyester/1705/im_4.png,e0857e13e6ff8033b662c7dbd487a6d746b858710327adbb57f9dea09c9447fe,007a7b0022ea6fdf,,,
EXACT-0113,exact,Polyester,Polyester/1706/im_4.png,e0857e13e6ff8033b662c7dbd487a6d746b858710327adbb57f9dea09c9447fe,007a7b0022ea6fdf,,,
EXACT-0114,exact,Polyester,Polyester/1711/im_1.png,0848a2d16326461ad189616cbf5270b878a1f2b297d29bd6716e70c287d38940,149c774b2baa325c,,,
EXACT-0114,exact,Polyester,Polyester/1712/im_1.png,0848a2d16326461ad189616cbf5270b878a1f2b297d29bd6716e70c287d38940,149c774b2baa325c,,,
EXACT-0115,exact,Polyester,Polyester/1711/im_2.png,3e4581b6e4a1d2264fa369fd645d03588f15b8037f785ec008bfde09f30c4a23,101c776833ea3b4e,,,
EXACT-0115,exact,Polyester,Polyester/1712/im_2.png,3e4581b6e4a1d2264fa369fd645d03588f15b8037f785ec008bfde09f30c4a23,101c776833ea3b4e,,,
EXACT-0116,exact,Polyester,Polyester/1711/im_3.png,ff2329c1699e3ff92cc7d3d4b77d0a72151cf9476d7942f2ebf59184b346cf12,51482b6c330e3b7e,,,
EXACT-0116,exact,Polyester,Polyester/1712/im_3.png,ff2329c1699e3ff92cc7d3d4b77d0a72151cf9476d7942f2ebf59184b346cf12,51482b6c330e3b7e,,,
EXACT-0117,exact,Polyester,Polyester/1711/im_4.png,9fbbd83fd92c82a47f1de7d6c1b19c2ebfc1d67b8281d9297bda9827bb9737d9,10486fcc1aec3bce,,,
EXACT-0117,exact,Polyester,Polyester/1712/im_4.png,9fbbd83fd92c82a47f1de7d6c1b19c2ebfc1d67b8281d9297bda9827bb9737d9,10486fcc1aec3bce,,,
EXACT-0118,exact,Polyester,Polyester/654/im_1.png,19f0ed6bc382a51343ad1b5bce3b7cd836695040ca0b4e0429d0d7c9fe2cfd6d,2eab415c666847d9,,,
EXACT-0118,exact,Polyester,Polyester/655/im_1.png,19f0ed6bc382a51343ad1b5bce3b7cd836695040ca0b4e0429d0d7c9fe2cfd6d,2eab415c666847d9,,,
EXACT-0119,exact,Polyester,Polyester/654/im_2.png,71af80ae973dd4596730c1c11ff8fc30d858d2f08f913d5ef853c3521a73482d,0e9b21bcd63866d8,,,
EXACT-0119,exact,Polyester,Polyester/655/im_2.png,71af80ae973dd4596730c1c11ff8fc30d858d2f08f913d5ef853c3521a73482d,0e9b21bcd63866d8,,,
EXACT-0120,exact,Polyester,Polyester/654/im_3.png,e6f6bce5e094013b438cd5f91f2e5e23dd6464aa8b775e637a5d1d32d2694d0a,7f295cde040d8d25,,,
EXACT-0120,exact,Polyester,Polyester/655/im_3.png,e6f6bce5e094013b438cd5f91f2e5e23dd6464aa8b775e637a5d1d32d2694d0a,7f295cde040d8d25,,,
EXACT-0121,exact,Polyester,Polyester/654/im_4.png,b8137c01428f613401c50ab475bce63fc05cc3c796418c235e3665e2652d54d5,1c75ac5ea84d892d,,,
EXACT-0121,exact,Polyester,Polyester/655/im_4.png,b8137c01428f613401c50ab475bce63fc05cc3c796418c235e3665e2652d54d5,1c75ac5ea84d892d,,,
EXACT-0122,exact,Polyester,Polyester/770/im_1.png,123d18e40eafff9f136fc3cb9fe3fbfe1ee8756026c2b0721899b8c9593000a7,009547b155997dd5,,,
EXACT-0122,exact,Satin,Satin/770/im_1.png,123d18e40eafff9f136fc3cb9fe3fbfe1ee8756026c2b0721899b8c9593000a7,009547b155997dd5,,,
EXACT-0123,exact,Polyester,Polyester/770/im_2.png,6eb8d22d99ab8eb97723a0908d9dfb7592a0b2d88d2985aef2fca511a0778ade,209555d316cd51f6,,,
EXACT-0123,exact,Satin,Satin/770/im_2.png,6eb8d22d99ab8eb97723a0908d9dfb7592a0b2d88d2985aef2fca511a0778ade,209555d316cd51f6,,,
EXACT-0124,exact,Polyester,Polyester/770/im_3.png,b24e6fe4caa6ee64989ae657811304f478bda62d5833d3fced96226b196d6f00,557e2a5f27472094,,,
EXACT-0124,exact,Satin,Satin/770/im_3.png,b24e6fe4caa6ee64989ae657811304f478bda62d5833d3fced96226b196d6f00,557e2a5f27472094,,,
EXACT-0125,exact,Polyester,Polyester/770/im_4.png,8a077c0c19ea079330082d502120aeac1e8c224c623dc5628564ae65d03b0565,557f28df00f500f4,,,
EXACT-0125,exact,Satin,Satin/770/im_4.png,8a077c0c19ea079330082d502120aeac1e8c224c623dc5628564ae65d03b0565,557f28df00f500f4,,,
EXACT-0126,exact,Polyester,Polyester/771/im_1.png,1d55e4df4ad47157e714ff796c6fe991cf7ba12ddc6e42503101b612e03d4697,2aa8d4f0f5d49aa8,,,
EXACT-0126,exact,Satin,Satin/771/im_1.png,1d55e4df4ad47157e714ff796c6fe991cf7ba12ddc6e42503101b612e03d4697,2aa8d4f0f5d49aa8,,,
EXACT-0127,exact,Polyester,Polyester/771/im_2.png,a64e612c9bc64fb98f6b81e5201af6436caf686344f68d9ad8f5fe4b2d3fb51b,22a275d57655545a,,,
EXACT-0127,exact,Satin,Satin/771/im_2.png,a64e612c9bc64fb98f6b81e5201af6436caf686344f68d9ad8f5fe4b2d3fb51b,22a275d57655545a,,,
EXACT-0128,exact,Polyester,Polyester/771/im_3.png,35482dcc860ab6ec414d995701a23b4e7ead1c3b4e741a515eb058e319ae3623,552f817f026d1b61,,,
EXACT-0128,exact,Satin,Satin/771/im_3.png,35482dcc860ab6ec414d995701a23b4e7ead1c3b4e741a515eb058e319ae3623,552f817f026d1b61,,,
EXACT-0129,exact,Polyester,Polyester/771/im_4.png,242888cd3492f5a233481986cbd9cecfd958283e5fd90ac0b5e8a04b6141c770,556aad9468a750cd,,,
EXACT-0129,exact,Satin,Satin/771/im_4.png,242888cd3492f5a233481986cbd9cecfd958283e5fd90ac0b5e8a04b6141c770,556aad9468a750cd,,,
EXACT-0130,exact,Polyester,Polyester/772/im_1.png,f7796fe080f70b28e3e23c0e3a6086ec4126dc3ab65514c57c352d4fb0f7cf0e,2a4e9126c976ad5a,,,
EXACT-0130,exact,Satin,Satin/772/im_1.png,f7796fe080f70b28e3e23c0e3a6086ec4126dc3ab65514c57c352d4fb0f7cf0e,2a4e9126c976ad5a,,,
EXACT-0131,exact,Polyester,Polyester/772/im_2.png,f6beda3d17d65eb67cb7ce52a0722db94ecfb70009046bd01af693cfa33af996,44803fc819d736fc,,,
EXACT-0131,exact,Satin,Satin/772/im_2.png,f6beda3d17d65eb67cb7ce52a0722db94ecfb70009046bd01af693cfa33af996,44803fc819d736fc,,,
EXACT-0132,exact,Polyester,Polyester/772/im_3.png,311d45debc5e423287a85b31a17f175dca3d70b42208d73d654d373bd9642d05,44802dcb3fe10f5b,,,
EXACT-0132,exact,Satin,Satin/772/im_3.png,311d45debc5e423287a85b31a17f175dca3d70b42208d73d654d373bd9642d05,44802dcb3fe10f5b,,,
EXACT-0133,exact,Polyester,Polyester/772/im_4.png,1f7ba0f5bee7edfdff65a1fa04dac7c77997fbb4c5d10c17a0bdfff0177e53b4,007fd126db32439e,,,
EXACT-0133,exact,Satin,Satin/772/im_4.png,1f7ba0f5bee7edfdff65a1fa04dac7c77997fbb4c5d10c17a0bdfff0177e53b4,007fd126db32439e,,,
EXACT-0134,exact,Polyester,Polyester/773/im_1.png,acb94ce49149eb6f09929841d4a34a4ea29a1b2626d7ce1934b988e670fab2dc,00c1f59556975756,,,
EXACT-0134,exact,Satin,Satin/773/im_1.png,acb94ce49149eb6f09929841d4a34a4ea29a1b2626d7ce1934b988e670fab2dc,00c1f59556975756,,,
EXACT-0135,exact,Polyester,Polyester/773/im_2.png,673ebd87db7d618a9d2c79372681309256f4818858a89f012e128994e3bfcbd6,029353615a7a68fd,,,
EXACT-0135,exact,Satin,Satin/773/im_2.png,673ebd87db7d618a9d2c79372681309256f4818858a89f012e128994e3bfcbd6,029353615a7a68fd,,,
EXACT-0136,exact,Polyester,Polyester/773/im_3.png,2d169fc49da792cd4c683db0bd33ed04668b24bab970108f94f34189265c6930,753f807e01fe0f10,,,
EXACT-0136,exact,Satin,Satin/773/im_3.png,2d169fc49da792cd4c683db0bd33ed04668b24bab970108f94f34189265c6930,753f807e01fe0f10,,,
EXACT-0137,exact,Polyester,Polyester/773/im_4.png,f99bbef360c485d2fe1234639683870caee4be60758079cef8fb4d7d9f0db36c,552c93ccb358af11,,,
EXACT-0137,exact,Satin,Satin/773/im_4.png,f99bbef360c485d2fe1234639683870caee4be60758079cef8fb4d7d9f0db36c,552c93ccb358af11,,,
EXACT-0138,exact,Satin,Satin/1004/im_1.png,79d0a2e4c07024ea9522a04cbc899d9ec26204e38458f2b0f7bc74a0340b792f,143b2b6f4c7f0c11,,,
EXACT-0138,exact,Silk,Silk/1004/im_1.png,79d0a2e4c07024ea9522a04cbc899d9ec26204e38458f2b0f7bc74a0340b792f,143b2b6f4c7f0c11,,,
EXACT-0139,exact,Satin,Satin/1004/im_2.png,b4439edc77dba7b541c392c24109e163cdcc182c347822cd151b8d07657dca8f,55d592829ba7ab0c,,,
EXACT-0139,exact,Silk,Silk/1004/im_2.png,b4439edc77dba7b541c392c24109e163cdcc182c347822cd151b8d07657dca8f,55d592829ba7ab0c,,,
EXACT-0140,exact,Satin,Satin/1004/im_3.png,291b1da746e4e1dc9c34605092d90a06d4246e6cb2acd7344d1e27f05b1ae2f4,45ac3b6658256747,,,
EXACT-0140,exact,Silk,Silk/1004/im_3.png,291b1da746e4e1dc9c34605092d90a06d4246e6cb2acd7344d1e27f05b1ae2f4,45ac3b6658256747,,,
EXACT-0141,exact,Satin,Satin/1004/im_4.png,856eb6bce2594b2185ffb4c424bcbeeb862a72c1d7c672ccf5a5af9e08ac6cd8,2a59c7106d9a65f8,,,
EXACT-0141,exact,Silk,Silk/1004/im_4.png,856eb6bce2594b2185ffb4c424bcbeeb862a72c1d7c672ccf5a5af9e08ac6cd8,2a59c7106d9a65f8,,,
EXACT-0142,exact,Satin,Satin/1005/im_1.png,d64b5800ef2fe8b684d8d8513b9f3ba27963a235232134e312d2f6ca448c8976,1426226f6d5b78d2,,,
EXACT-0142,exact,Silk,Silk/1005/im_1.png,d64b5800ef2fe8b684d8d8513b9f3ba27963a235232134e312d2f6ca448c8976,1426226f6d5b78d2,,,
EXACT-0143,exact,Satin,Satin/1005/im_2.png,aeba8a1213b16936a68a3fbf83b17333c679950fc10f5db88924e22970a7e41a,05d486a493e7a70f,,,
EXACT-0143,exact,Silk,Silk/1005/im_2.png,aeba8a1213b16936a68a3fbf83b17333c679950fc10f5db88924e22970a7e41a,05d486a493e7a70f,,,
EXACT-0144,exact,Satin,Satin/1005/im_3.png,5c13c17cea1760497949ffa01a3e46fe5787c6350b3337dc07ef52b5c40c0f6c,401b7ba87d0a5ac7,,,
EXACT-0144,exact,Silk,Silk/1005/im_3.png,5c13c17cea1760497949ffa01a3e46fe5787c6350b3337dc07ef52b5c40c0f6c,401b7ba87d0a5ac7,,,
EXACT-0145,exact,Satin,Satin/1005/im_4.png,2a25885fcd6e3ff5034ca7277c72ea9608c0034e5c21ae7d2a640a7395b0a978,0559f435a845e79a,,,
EXACT-0145,exact,Silk,Silk/1005/im_4.png,2a25885fcd6e3ff5034ca7277c72ea9608c0034e5c21ae7d2a640a7395b0a978,0559f435a845e79a,,,
EXACT-0146,exact,Satin,Satin/1006/im_1.png,a79cceef91de14deb6841dd585a486225187fdc749992681bb63597521bd2529,553e23760a516cd6,,,
EXACT-0146,exact,Silk,Silk/1006/im_1.png,a79cceef91de14deb6841dd585a486225187fdc749992681bb63597521bd2529,553e23760a516cd6,,,
EXACT-0147,exact,Satin,Satin/1006/im_2.png,7006e28055f20e02a3516ab4c9579fa665e83f2a009d20862a32c8baec22b49d,109385819d97b6ed,,,
EXACT-0147,exact,Silk,Silk/1006/im_2.png,7006e28055f20e02a3516ab4c9579fa665e83f2a009d20862a32c8baec22b49d,109385819d97b6ed,,,
EXACT-0148,exact,Satin,Satin/1006/im_3.png,3ff685bf5a293af2d0a71f3163db42b20b8865bc0c91e8f313ff963943482b98,453377db1d0450e6,,,
EXACT-0148,exact,Silk,Silk/1006/im_3.png,3ff685bf5a293af2d0a71f3163db42b20b8865bc0c91e8f313ff963943482b98,453377db1d0450e6,,,
EXACT-0149,exact,Satin,Satin/1006/im_4.png,976a10bc3727a62422900aba07a41ddd51a83b9e48d23f5a0c9fc3198c981d6f,285fc719ea35d016,,,
EXACT-0149,exact,Silk,Silk/1006/im_4.png,976a10bc3727a62422900aba07a41ddd51a83b9e48d23f5a0c9fc3198c981d6f,285fc719ea35d016,,,
EXACT-0150,exact,Satin,Satin/1007/im_1.png,b53a84b9bbb08c1c986b39face979b2b63568cd61a734f641a006b4c3ccdd186,542a22737d6b289d,,,
EXACT-0150,exact,Silk,Silk/1007/im_1.png,b53a84b9bbb08c1c986b39face979b2b63568cd61a734f641a006b4c3ccdd186,542a22737d6b289d,,,
EXACT-0151,exact,Satin,Satin/1007/im_2.png,50f9b9d3c39a3cbc341830b4e80bbb332d51f1ce0dc439361c6136fa45764e8c,15d5d48698ada9b2,,,
EXACT-0151,exact,Silk,Silk/1007/im_2.png,50f9b9d3c39a3cbc341830b4e80bbb332d51f1ce0dc439361c6136fa45764e8c,15d5d48698ada9b2,,,
EXACT-0152,exact,Satin,Satin/1007/im_3.png,66784a8dbec64345c1cfc6d2540ab591f0fb8f4e064a1343c98750f3528310ea,40287e7f6f0236d8,,,
EXACT-0152,exact,Silk,Silk/1007/im_3.png,66784a8dbec64345c1cfc6d2540ab591f0fb8f4e064a1343c98750f3528310ea,40287e7f6f0236d8,,,
EXACT-0153,exact,Satin,Satin/1007/im_4.png,85dbce6510e9e76d189e645107a3025ed8c6e3a0ef8725951ad7ec7983abb88f,005dd42fea1ec317,,,
EXACT-0153,exact,Silk,Silk/1007/im_4.png,85dbce6510e9e76d189e645107a3025ed8c6e3a0ef8725951ad7ec7983abb88f,005dd42fea1ec317,,,
EXACT-0154,exact,Satin,Satin/1008/im_1.png,e935c02f89dbcb31c8072e963e33b3c5b1e41c16a293fc202bd13e60e7023d1c,552b327a3c522ea6,,,
EXACT-0154,exact,Silk,Silk/1008/im_1.png,e935c02f89dbcb31c8072e963e33b3c5b1e41c16a293fc202bd13e60e7023d1c,552b327a3c522ea6,,,
EXACT-0155,exact,Satin,Satin/1008/im_2.png,af652f4e7498b01ced8b7d3b06494a7ba9cf7e6adc08aa5d7a902c19eb17dbbf,0098b4949ed77e93,,,
EXACT-0155,exact,Silk,Silk/1008/im_2.png,af652f4e7498b01ced8b7d3b06494a7ba9cf7e6adc08aa5d7a902c19eb17dbbf,0098b4949ed77e93,,,
EXACT-0156,exact,Satin,Satin/1008/im_3.png,f67e1c41ed0639ea0c5e402f27daad4ab1036f03040033e79c81d169ebadcb75,002a77af5d097aaa,,,
EXACT-0156,exact,Silk,Silk/1008/im_3.png,f67e1c41ed0639ea0c5e402f27daad4ab1036f03040033e79c81d169ebadcb75,002a77af5d097aaa,,,
EXACT-0157,exact,Satin,Satin/1008/im_4.png,d9d12361dfdfeb49a4a2859094bba6a0b1b4b3a69220c5d8b7811e7bfb92dfd0,005df435c126fe6a,,,
EXACT-0157,exact,Silk,Silk/1008/im_4.png,d9d12361dfdfeb49a4a2859094bba6a0b1b4b3a69220c5d8b7811e7bfb92dfd0,005df435c126fe6a,,,
EXACT-0158,exact,Satin,Satin/1009/im_1.png,8d265f617d529a838c0c84c5534f673ac5c695acf7a6adfe6922cea721a9e863,50232a796f72194f,,,
EXACT-0158,exact,Silk,Silk/1009/im_1.png,8d265f617d529a838c0c84c5534f673ac5c695acf7a6adfe6922cea721a9e863,50232a796f72194f,,,
EXACT-0159,exact,Satin,Satin/1009/im_2.png,37d43aa1fde5a18735a4793261d9db0b320a09d05ca0f23f71aba4800f5018f4,15dd829284edb1ba,,,
EXACT-0159,exact,Silk,Silk/1009/im_2.png,37d43aa1fde5a18735a4793261d9db0b320a09d05ca0f23f71aba4800f5018f4,15dd829284edb1ba,,,
EXACT-0160,exact,Satin,Satin/1009/im_3.png,a5d5df68f6a68a594d6603a8c1e7fec570eaf855b941b4a3a2ecdc5f498cee70,042a77e91d0f5e25,,,
EXACT-0160,exact,Silk,Silk/1009/im_3.png,a5d5df68f6a68a594d6603a8c1e7fec570eaf855b941b4a3a2ecdc5f498cee70,042a77e91d0f5e25,,,
EXACT-0161,exact,Satin,Satin/1009/im_4.png,0108978b1c67cc54ede77abc69bdf600d47074f100fded4f16db5399dc13a337,005fc631cf6be518,,,
EXACT-0161,exact,Silk,Silk/1009/im_4.png,0108978b1c67cc54ede77abc69bdf600d47074f100fded4f16db5399dc13a337,005fc631cf6be518,,,
EXACT-0162,exact,Satin,Satin/1010/im_1.png,601e5e7b3ffd73a80e79bf8e865815fd0be3747226c46f974950c97ba3972926,15f722562b1b7911,,,
EXACT-0162,exact,Silk,Silk/1010/im_1.png,601e5e7b3ffd73a80e79bf8e865815fd0be3747226c46f974950c97ba3972926,15f722562b1b7911,,,
EXACT-0163,exact,Satin,Satin/1010/im_2.png,debdde5bb2d278cc8472cc978d5e59e233982c07cd02b2e7a61b32bc614304a3,0084a296d7dee6e3,,,
EXACT-0163,exact,Silk,Silk/1010/im_2.png,debdde5bb2d278cc8472cc978d5e59e233982c07cd02b2e7a61b32bc614304a3,0084a296d7dee6e3,,,
EXACT-0164,exact,Satin,Satin/1010/im_3.png,7cb8dd9c3fcdb925d35675bd0835191418d38141cc8774270265c507c0c0f65b,417f73b90d046dd0,,,
EXACT-0164,exact,Silk,Silk/1010/im_3.png,7cb8dd9c3fcdb925d35675bd0835191418d38141cc8774270265c507c0c0f65b,417f73b90d046dd0,,,
EXACT-0165,exact,Satin,Satin/1010/im_4.png,8fdf3bf12486acea35640652cd371c48a6a645ff751e0e9ef07fe7cf65945e91,0955ca3cc56af534,,,
EXACT-0165,exact,Silk,Silk/1010/im_4.png,8fdf3bf12486acea35640652cd371c48a6a645ff751e0e9ef07fe7cf65945e91,0955ca3cc56af534,,,
EXACT-0166,exact,Satin,Satin/1011/im_1.png,c2d45c4a655ca5fa46ab3da7c2b5017bedd9151469ea99a14ce0140d0bd657ad,5533275c0d5929f4,,,
EXACT-0166,exact,Silk,Silk/1011/im_1.png,c2d45c4a655ca5fa46ab3da7c2b5017bedd9151469ea99a14ce0140d0bd657ad,5533275c0d5929f4,,,
EXACT-0167,exact,Satin,Satin/1011/im_2.png,004e60c22b4cfbc5ce6abf4c320e93647793c510f19417d95475b2f8401587d4,0082939f97d6978e,,,
EXACT-0167,exact,Silk,Silk/1011/im_2.png,004e60c22b4cfbc5ce6abf4c320e93647793c510f19417d95475b2f8401587d4,0082939f97d6978e,,,
EXACT-0168,exact,Satin,Satin/1011/im_3.png,7a1d71de62a2309002ba86375dd4a699114b3dc3aa6e48dfc364f1ccdd454364,402d76b96c276993,,,
EXACT-0168,exact,Silk,Silk/1011/im_3.png,7a1d71de62a2309002ba86375dd4a699114b3dc3aa6e48dfc364f1ccdd454364,402d76b96c276993,,,
EXACT-0169,exact,Satin,Satin/1011/im_4.png,ea3b97f6dcd10b2eab313479242c52c1a71a24f6d19ee41c21564dd1030d308b,0256e40df565951f,,,
EXACT-0169,exact,Silk,Silk/1011/im_4.png,ea3b97f6dcd10b2eab313479242c52c1a71a24f6d19ee41c21564dd1030d308b,0256e40df565951f,,,
EXACT-0170,exact,Satin,Satin/1012/im_1.png,90df972552ba4e2ee6e0530ff945e04a9957ac8b38c41c4b7bf64206a70c76df,55ae22400f7b7e34,,,
EXACT-0170,exact,Silk,Silk/1012/im_1.png,90df972552ba4e2ee6e0530ff945e04a9957ac8b38c41c4b7bf64206a70c76df,55ae22400f7b7e34,,,
EXACT-0171,exact,Satin,Satin/1012/im_2.png,6fdca56a56bbaf3c93afac045581f5e743bec6e0a4b39bbeb4ff9c76e60442c7,00db378843f3e59c,,,
EXACT-0171,exact,Silk,Silk/1012/im_2.png,6fdca56a56bbaf3c93afac045581f5e743bec6e0a4b39bbeb4ff9c76e60442c7,00db378843f3e59c,,,
EXACT-0172,exact,Satin,Satin/1012/im_3.png,06afd95490d7cbe551aeb2d3d4d8a199b54799550b1ae7035a53cecbdb78b846,400d552f57aa73b8,,,
EXACT-0172,exact,Silk,Silk/1012/im_3.png,06afd95490d7cbe551aeb2d3d4d8a199b54799550b1ae7035a53cecbdb78b846,400d552f57aa73b8,,,
EXACT-0173,exact,Satin,Satin/1012/im_4.png,7a4a7a85fe2dcc0fc6636883c25df121308cc664706fda379e303bae460e2f56,011b7f0c727ba94c,,,
EXACT-0173,exact,Silk,Silk/1012/im_4.png,7a4a7a85fe2dcc0fc6636883c25df121308cc664706fda379e303bae460e2f56,011b7f0c727ba94c,,,
EXACT-0174,exact,Satin,Satin/1013/im_1.png,dacddde8ab3a57e7a44f33717f6a3d5c2e3b0fd49377230e9ed6baf301291ae9,162327606d7c7cd8,,,
EXACT-0174,exact,Silk,Silk/1013/im_1.png,dacddde8ab3a57e7a44f33717f6a3d5c2e3b0fd49377230e9ed6baf301291ae9,162327606d7c7cd8,,,
EXACT-0175,exact,Satin,Satin/1013/im_2.png,ccc5fce1c8b6cceff40a1ea7c1b87bbcbdf9acbbfb380a32075f610120750e6c,14d7819893d09eb7,,,
EXACT-0175,exact,Silk,Silk/1013/im_2.png,ccc5fce1c8b6cceff40a1ea7c1b87bbcbdf9acbbfb380a32075f610120750e6c,14d7819893d09eb7,,,
EXACT-0176,exact,Satin,Satin/1013/im_3.png,c3a2d02e75c056ca3ef80832ac4c8850ed5f976dea507f75675105a331aec792,458e775e0e471562,,,
EXACT-0176,exact,Silk,Silk/1013/im_3.png,c3a2d02e75c056ca3ef80832ac4c8850ed5f976dea507f75675105a331aec792,458e775e0e471562,,,
EXACT-0177,exact,Satin,Satin/1013/im_4.png,9a1c866756cc10a01442a8cd133c96bb41587e1222e631f10d26d314a00ba8ea,285dc376983ce925,,,
EXACT-0177,exact,Silk,Silk/1013/im_4.png,9a1c866756cc10a01442a8cd133c96bb41587e1222e631f10d26d314a00ba8ea,285dc376983ce925,,,
EXACT-0178,exact,Satin,Satin/1014/im_1.png,a1bbc2e76525c64800ced4979e617f4eaaf2ca8af5e4902e5ebb31dfef5f3ae2,15cf27ca077de420,,,
EXACT-0178,exact,Silk,Silk/1014/im_1.png,a1bbc2e76525c64800ced4979e617f4eaaf2ca8af5e4902e5ebb31dfef5f3ae2,15cf27ca077de420,,,
EXACT-0179,exact,Satin,Satin/1014/im_2.png,18b54ee89f4f68140df0f3e596200f649fe37c158f6f175f476484f948e4d5d3,118887aceac9b76a,,,
EXACT-0179,exact,Silk,Silk/1014/im_2.png,18b54ee89f4f68140df0f3e596200f649fe37c158f6f175f476484f948e4d5d3,118887aceac9b76a,,,
EXACT-0180,exact,Satin,Satin/1014/im_3.png,95e2650aec6d930c08aae55a071a684e20d0a17bf33c7e4cafe10025de67e891,006f327b4dc98eb4,,,
EXACT-0180,exact,Silk,Silk/1014/im_3.png,95e2650aec6d930c08aae55a071a684e20d0a17bf33c7e4cafe10025de67e891,006f327b4dc98eb4,,,
EXACT-0181,exact,Satin,Satin/1014/im_4.png,2b6c873ca8093655df8ff74fd8a79eeebce37d9edef3ea8936a7b6d7fe0ab7f1,213fdf168a9629c4,,,
EXACT-0181,exact,Silk,Silk/1014/im_4.png,2b6c873ca8093655df8ff74fd8a79eeebce37d9edef3ea8936a7b6d7fe0ab7f1,213fdf168a9629c4,,,
EXACT-0182,exact,Satin,Satin/1015/im_1.png,fbf9a37951d34d4109303444c78d7b920a447c2893c1149b866eafe53e507280,1422236b787ce1bb,,,
EXACT-0182,exact,Silk,Silk/1015/im_1.png,fbf9a37951d34d4109303444c78d7b920a447c2893c1149b866eafe53e507280,1422236b787ce1bb,,,
EXACT-0183,exact,Satin,Satin/1015/im_2.png,95cd1db50575d5917e8c9f153ad51b1955664702bf3e193db050f043792b5f02,44db859680ab3dcb,,,
EXACT-0183,exact,Silk,Silk/1015/im_2.png,95cd1db50575d5917e8c9f153ad51b1955664702bf3e193db050f043792b5f02,44db859680ab3dcb,,,
EXACT-0184,exact,Satin,Satin/1015/im_3.png,72d5c4919f70f2165078c2f053e0f16f3cfff11a8e1c0e23dad02d6722e179cf,4081773c3aa67e1e,,,
EXACT-0184,exact,Silk,Silk/1015/im_3.png,72d5c4919f70f2165078c2f053e0f16f3cfff11a8e1c0e23dad02d6722e179cf,4081773c3aa67e1e,,,
EXACT-0185,exact,Satin,Satin/1015/im_4.png,369c5628020e99dfde0f38a7a1648d4c418eb2488fa80659bd4f567e925e98bd,225fc1568b3e8acc,,,
EXACT-0185,exact,Silk,Silk/1015/im_4.png,369c5628020e99dfde0f38a7a1648d4c418eb2488fa80659bd4f567e925e98bd,225fc1568b3e8acc,,,
EXACT-0186,exact,Satin,Satin/1016/im_1.png,c0ded43afbd9d6a571927878081186b435e323938e0ce8220e2f245d44e2af00,1523226e63ec79d8,,,
EXACT-0186,exact,Silk,Silk/1016/im_1.png,c0ded43afbd9d6a571927878081186b435e323938e0ce8220e2f245d44e2af00,1523226e63ec79d8,,,
EXACT-0187,exact,Satin,Satin/1016/im_2.png,9c818fe234d1ced765b3a09c0225ab86d74405bdceaa25b429b206433321e77d,54d6939583ba3583,,,
EXACT-0187,exact,Silk,Silk/1016/im_2.png,9c818fe234d1ced765b3a09c0225ab86d74405bdceaa25b429b206433321e77d,54d6939583ba3583,,,
EXACT-0188,exact,Satin,Satin/1016/im_3.png,34f0c26622dbf86c592c3dce55997b84d982fdad60a435bbff094f5e28dc9e75,440b637b53257e07,,,
EXACT-0188,exact,Silk,Silk/1016/im_3.png,34f0c26622dbf86c592c3dce55997b84d982fdad60a435bbff094f5e28dc9e75,440b637b53257e07,,,
EXACT-0189,exact,Satin,Satin/1016/im_4.png,d4832b32ab04c773455f288ceacbd6962011fbc20203b0060d410160c1a442d7,225fc74c4a788778,,,
EXACT-0189,exact,Silk,Silk/1016/im_4.png,d4832b32ab04c773455f288ceacbd6962011fbc20203b0060d410160c1a442d7,225fc74c4a788778,,,
EXACT-0190,exact,Satin,Satin/1017/im_1.png,8e398788dd34534d91a22beadaa0bf8d1bf6d14f804236f709d0ac6036f7ebe3,542a236c44793e3f,,,
EXACT-0190,exact,Silk,Silk/1017/im_1.png,8e398788dd34534d91a22beadaa0bf8d1bf6d14f804236f709d0ac6036f7ebe3,542a236c44793e3f,,,
EXACT-0191,exact,Satin,Satin/1017/im_2.png,4b0ff757a1ae1cdccd61025c4df468f7e9b84cdfcd3d6435873a8917a48f2a47,1596839d8b8666b5,,,
EXACT-0191,exact,Silk,Silk/1017/im_2.png,4b0ff757a1ae1cdccd61025c4df468f7e9b84cdfcd3d6435873a8917a48f2a47,1596839d8b8666b5,,,
EXACT-0192,exact,Satin,Satin/1017/im_3.png,979881672066b9511cbbf15119bd7055c4d3835adc97b592edce773ffb546a1e,40257ff02c3fcf01,,,
EXACT-0192,exact,Silk,Silk/1017/im_3.png,979881672066b9511cbbf15119bd7055c4d3835adc97b592edce773ffb546a1e,40257ff02c3fcf01,,,
EXACT-0193,exact,Satin,Satin/1017/im_4.png,ff137177bf782a662312482566dea0a3e9dfffe96c77064d906ad30d69f49925,285ed21adf4df440,,,
EXACT-0193,exact,Silk,Silk/1017/im_4.png,ff137177bf782a662312482566dea0a3e9dfffe96c77064d906ad30d69f49925,285ed21adf4df440,,,
EXACT-0194,exact,Unclassified,Unclassified/40/im_1.png,b8224f07fbb1b66e9f80dc28fc3eb587c879f6e793e9a3196128fea093dcc6c2,4b372f0ad913c135,,,
EXACT-0194,exact,Unclassified,Unclassified/41/im_1.png,b8224f07fbb1b66e9f80dc28fc3eb587c879f6e793e9a3196128fea093dcc6c2,4b372f0ad913c135,,,
EXACT-0195,exact,Unclassified,Unclassified/40/im_2.png,9ec5e31acfe8adc050f61ecd1246fb0e93f02cf44668ab6bf9fa10cef441e9c3,49323f2bc933c43c,,,
EXACT-0195,exact,Unclassified,Unclassified/41/im_2.png,9ec5e31acfe8adc050f61ecd1246fb0e93f02cf44668ab6bf9fa10cef441e9c3,49323f2bc933c43c,,,
EXACT-0196,exact,Unclassified,Unclassified/40/im_3.png,ce3d8cbfc37c13ad797a62a832c11c673b425df5dfd6d7aeda5b5290215694bb,491a37094f1bcc3d,,,
EXACT-0196,exact,Unclassified,Unclassified/41/im_3.png,ce3d8cbfc37c13ad797a62a832c11c673b425df5dfd6d7aeda5b5290215694bb,491a37094f1bcc3d,,,
EXACT-0197,exact,Unclassified,Unclassified/40/im_4.png,fc8023dc1be67768d01c5589eff58790968f58df016fc60f68b368a492b23d59,093e2b4bd892d4b5,,,
EXACT-0197,exact,Unclassified,Unclassified/41/im_4.png,fc8023dc1be67768d01c5589eff58790968f58df016fc60f68b368a492b23d59,093e2b4bd892d4b5,,,
EXACT-0198,exact,Wool,Wool/1407/im_1.png,e8248975fc5a8cc91aaf0d59d97e5584625bdc479e7edc46a55b61fa07e019aa,0978565e264c9de5,,,
EXACT-0198,exact,Wool,Wool/1408/im_1.png,e8248975fc5a8cc91aaf0d59d97e5584625bdc479e7edc46a55b61fa07e019aa,0978565e264c9de5,,,
EXACT-0199,exact,Wool,Wool/1407/im_2.png,925758f5587d13e02e500c0883fbf928b5b732c480cd0aa0df6fcda1510e5e52,09ec565e226c9e65,,,
EXACT-0199,exact,Wool,Wool/1408/im_2.png,925758f5587d13e02e500c0883fbf928b5b732c480cd0aa0df6fcda1510e5e52,09ec565e226c9e65,,,
EXACT-0200,exact,Wool,Wool/1407/im_3.png,7ee67be12252e657aaef5b49136114a95bf822c1729aa3287cbbb6738bb6c3ed,5b3c130ab26c1d67,,,
EXACT-0200,exact,Wool,Wool/1408/im_3.png,7ee67be12252e657aaef5b49136114a95bf822c1729aa3287cbbb6738bb6c3ed,5b3c130ab26c1d67,,,
EXACT-0201,exact,Wool,Wool/1407/im_4.png,d8cec90f290f3a57c10bfdefeb67f299b8ba990976793a9cf0fa825d447e013f,097cd638f64c9562,,,
EXACT-0201,exact,Wool,Wool/1408/im_4.png,d8cec90f290f3a57c10bfdefeb67f299b8ba990976793a9cf0fa825d447e013f,097cd638f64c9562,,,
EXACT-0202,exact,Wool,Wool/1430/im_1.png,8f903dae8b98b0131ecef0f28973a3f18dad82a811721d21b9319a2f9bcf4203,019b667c4a78735c,,,
EXACT-0202,exact,Wool,Wool/1431/im_1.png,8f903dae8b98b0131ecef0f28973a3f18dad82a811721d21b9319a2f9bcf4203,019b667c4a78735c,,,
EXACT-0203,exact,Wool,Wool/1430/im_2.png,ca2f616fca3b2ce038c1a8e5f1d854ffb2df381efb4e6d044d789c89cef12dbc,0599153556c86b7d,,,
EXACT-0203,exact,Wool,Wool/1431/im_2.png,ca2f616fca3b2ce038c1a8e5f1d854ffb2df381efb4e6d044d789c89cef12dbc,0599153556c86b7d,,,
EXACT-0204,exact,Wool,Wool/1430/im_3.png,8fc78d44fc0c84a5fd6a3aa250c900d2a52564f8da0114cf5b4b580f939e4774,552a35973d4014fb,,,
EXACT-0204,exact,Wool,Wool/1431/im_3.png,8fc78d44fc0c84a5fd6a3aa250c900d2a52564f8da0114cf5b4b580f939e4774,552a35973d4014fb,,,
EXACT-0205,exact,Wool,Wool/1430/im_4.png,4576307fb49b0855093ebcf0a18bcf01e3e16017ae5417a30c86e116007ce2a7,035a67cb455adc8a,,,
EXACT-0205,exact,Wool,Wool/1431/im_4.png,4576307fb49b0855093ebcf0a18bcf01e3e16017ae5417a30c86e116007ce2a7,035a67cb455adc8a,,,
EXACT-0206,exact,Wool,Wool/660/im_1.png,0d3947006af7559fba8d3cba97600848ba9359faacb8df983c08ccfca61c39a4,04be67637b5840d6,,,
EXACT-0206,exact,Wool,Wool/661/im_1.png,0d3947006af7559fba8d3cba97600848ba9359faacb8df983c08ccfca61c39a4,04be67637b5840d6,,,
EXACT-0207,exact,Wool,Wool/660/im_2.png,7409e905f8e46d8921c68ca7f268e546c6f5a0a8cbd6ee67c6a496d0c93771c3,0595293b372b71cc,,,
EXACT-0207,exact,Wool,Wool/661/im_2.png,7409e905f8e46d8921c68ca7f268e546c6f5a0a8cbd6ee67c6a496d0c93771c3,0595293b372b71cc,,,
EXACT-0208,exact,Wool,Wool/660/im_3.png,26126df30d459625558738228948c1735d760eabd166db9c0bd2dcf31ca444e2,550332d82a3e7ba5,,,
EXACT-0208,exact,Wool,Wool/661/im_3.png,26126df30d459625558738228948c1735d760eabd166db9c0bd2dcf31ca444e2,550332d82a3e7ba5,,,
EXACT-0209,exact,Wool,Wool/660/im_4.png,8fcd47715b7d76e5c2e09f19701db9e4add1bebb1622887697d448226ff32f51,005a64777866d4b7,,,
EXACT-0209,exact,Wool,Wool/661/im_4.png,8fcd47715b7d76e5c2e09f19701db9e4add1bebb1622887697d448226ff32f51,005a64777866d4b7,,,
EXACT-0210,exact,Wool,Wool/981/im_1.png,50eebfc01f74079636b37219efa1f0217495964a1274172d3417bd24a3362e72,013a7247535fa0fa,,,
EXACT-0210,exact,Wool,Wool/982/im_1.png,50eebfc01f74079636b37219efa1f0217495964a1274172d3417bd24a3362e72,013a7247535fa0fa,,,
EXACT-0211,exact,Wool,Wool/981/im_2.png,20881e7cdd1e6389bd59001c814feabbf8361ce844bd0590d9c528283e3742e6,009b363f1f5d6069,,,
EXACT-0211,exact,Wool,Wool/982/im_2.png,20881e7cdd1e6389bd59001c814feabbf8361ce844bd0590d9c528283e3742e6,009b363f1f5d6069,,,
EXACT-0212,exact,Wool,Wool/981/im_3.png,187cd55476f49ef51889ff3240215ad8e9572b65292d90e813eff9e85e8eca6f,441b36951f3e652a,,,
EXACT-0212,exact,Wool,Wool/982/im_3.png,187cd55476f49ef51889ff3240215ad8e9572b65292d90e813eff9e85e8eca6f,441b36951f3e652a,,,
EXACT-0213,exact,Wool,Wool/981/im_4.png,5212a933ded62e6fb9dc91964eec4a56521792b4c89d50406b15fec238f391f1,015b6047673b6acb,,,
EXACT-0213,exact,Wool,Wool/982/im_4.png,5212a933ded62e6fb9dc91964eec4a56521792b4c89d50406b15fec238f391f1,015b6047673b6acb,,,
