sample_id,class_name,split,image_count
1,Denim,train,4
10,Cotton,train,4
100,Cotton,train,4
101,Cotton,train,4
1018,Silk,train,4
1019,Silk,test,4
102,Cotton,train,4
1020,Silk,train,4
1021,Silk,test,4
1022,Silk,train,4
1023,Silk,train,4
1024,Silk,train,4
1025,Silk,train,4
1026,Silk,train,4
1027,Silk,train,4
103,Polyester,validation,4
104,Polyester,validation,4
1040,Denim,test,4
1041,Denim,train,4
1042,Denim,train,4
1043,Denim,train,4
1044,Denim,train,4
1045,Denim,test,4
1046,Denim,train,4
1047,Denim,train,4
1048,Denim,train,4
1049,Denim,train,4
105,Cotton,validation,4
1050,Denim,validation,4
1051,Denim,test,4
1052,Denim,validation,4
1053,Denim,train,4
1054,Denim,train,4
1055,Denim,train,4
1056,Denim,train,4
1057,Denim,train,4
1058,Denim,train,4
1059,Denim,train,4
106,Cotton,train,4
1060,Denim,test,4
1061,Denim,train,4
1062,Denim,train,4
1063,Denim,train,4
1064,Denim,train,4
1065,Denim,train,4
1066,Denim,train,4
1067,Denim,train,4
1068,Denim,train,4
1069,Denim,validation,4
1070,Denim,train,4
1071,Denim,validation,4
1072,Denim,train,4
1073,Denim,train,4
1074,Denim,test,4
1075,Denim,train,4
1076,Denim,train,4
1077,Denim,test,4
1078,Denim,train,4
1079,Denim,train,4
1080,Denim,train,4
1081,Denim,test,4
1082,Denim,train,4
1083,Denim,train,4
1084,Denim,train,4
1085,Denim,test,4
1086,Denim,test,4
1087,Denim,train,4
109,Polyester,train,4
1099,Cotton,train,4
11,Cotton,validation,4
110,Polyester,train,4
1100,Cotton,train,4
1101,Cotton,train,4
1107,Cotton,test,4
1108,Cotton,validation,4
1109,Cotton,test,4
111,Cotton,train,4
1110,Cotton,train,4
1117,Denim,test,4
1118,Denim,test,4
1119,Denim,validation,4
112,Cotton,train,4
1120,Denim,train,4
1121,Cotton,validation,4
1122,Cotton,validation,4
1123,Cotton,validation,4
1124,Cotton,train,4
1125,Cotton,train,4
1126,Cotton,train,4
1127,Cotton,validation,4
1128,Cotton,train,4
1129,Cotton,train,4
113,Cotton,train,4
1134,Denim,train,4
1135,Denim,train,4
1136,Denim,validation,4
1137,Denim,validation,4
1138,Denim,validation,4
1139,Denim,train,4
114,Cotton,test,4
1141,Cotton,train,4
1142,Cotton,train,4
1143,Cotton,train,4
1144,Cotton,train,4
1145,Cotton,train,4
1146,Cotton,validation,4
1147,Cotton,test,4
1148,Cotton,test,4
1149,Cotton,test,4
1150,Cotton,train,4
1151,Cotton,test,4
1152,Cotton,test,4
1153,Cotton,train,4
1154,Cotton,train,4
1155,Cotton,train,4
1156,Cotton,train,4
1157,Cotton,train,4
1158,Cotton,test,4
1159,Cotton,train,4
1160,Cotton,validation,4
1161,Cotton,train,4
1162,Cotton,test,4
1163,Cotton,test,4
1164,Cotton,test,4
1165,Cotton,train,4
1166,Cotton,train,4
1167,Cotton,train,4
1168,Cotton,train,4
1169,Cotton,validation,4
1170,Cotton,validation,4
1171,Cotton,test,4
1172,Cotton,train,4
1179,Cotton,train,4
118,Viscose,train,4
1180,Cotton,train,4
1181,Cotton,train,4
1182,Cotton,train,4
1183,Cotton,train,4
1184,Cotton,train,4
1185,Cotton,train,4
1188,Cotton,validation,4
119,Viscose,train,4
1190,Denim,validation,4
1191,Denim,train,4
1192,Denim,validation,4
1193,Cotton,test,4
1194,Cotton,train,4
1195,Cotton,train,4
1196,Cotton,train,4
1197,Cotton,train,4
1198,Cotton,validation,4
1199,Cotton,train,4
12,Denim,train,4
120,Cotton,train,4
1200,Cotton,train,4
1201,Cotton,train,4
1202,Cotton,train,4
1203,Nylon,train,4
1204,Nylon,validation,4
1205,Nylon,train,4
1206,Nylon,train,4
1207,Nylon,train,4
121,Cotton,validation,4
1210,Cotton,train,4
1211,Cotton,train,4
1212,Cotton,train,4
1213,Cotton,train,4
1214,Nylon,train,4
1215,Nylon,test,4
1216,Cotton,train,4
1217,Cotton,validation,4
1218,Cotton,train,4
1219,Cotton,train,4
122,Cotton,validation,4
1220,Cotton,train,4
1221,Cotton,train,4
1222,Cotton,validation,4
1223,Cotton,train,4
1224,Cotton,train,4
123,Cotton,train,4
1234,Denim,train,4
1235,Denim,train,4
1236,Cotton,train,4
1237,Cotton,train,4
1238,Cotton,train,4
1239,Cotton,train,4
124,Cotton,validation,4
1240,Cotton,validation,4
1241,Cotton,train,4
1242,Cotton,test,4
1243,Cotton,train,4
1244,Cotton,validation,4
1245,Cotton,validation,4
1246,Denim,test,4
1247,Denim,train,4
1248,Denim,train,4
1249,Denim,train,4
125,Cotton,train,4
1250,Denim,train,4
1251,Denim,test,4
1252,Denim,train,4
1253,Denim,train,4
1254,Denim,train,4
1255,Denim,train,4
1256,Denim,train,4
1259,Denim,train,4
1260,Denim,train,4
1261,Cotton,train,4
1262,Cotton,train,4
1263,Polyester,validation,4
1264,Polyester,test,4
1270,Cotton,train,4
1271,Cotton,train,4
1272,Cotton,train,4
1273,Cotton,train,4
1274,Cotton,test,4
1275,Cotton,test,4
1276,Denim,train,4
1277,Denim,validation,4
1278,Denim,train,4
1279,Denim,validation,4
128,Silk,train,4
1280,Cotton,train,4
1281,Cotton,validation,4
1282,Cotton,test,4
1283,Cotton,train,4
1284,Cotton,train,4
1285,Cotton,validation,4
1286,Denim,train,4
1287,Denim,train,4
1288,Denim,train,4
1289,Denim,test,4
129,Silk,train,4
1290,Cotton,train,4
1291,Cotton,test,4
1292,Cotton,train,4
1293,Cotton,test,4
1294,Cotton,train,4
1295,Cotton,test,4
1296,Cotton,validation,4
1297,Cotton,train,4
1298,Cotton,test,4
1299,Cotton,test,4
130,Silk,train,4
1300,Denim,validation,4
1301,Denim,validation,4
1302,Denim,test,4
1303,Denim,train,4
1304,Denim,train,4
1305,Denim,test,4
1306,Denim,train,4
1307,Denim,test,4
1308,Denim,validation,4
1309,Denim,train,4
131,Cotton,train,4
1310,Denim,test,4
1311,Denim,train,4
1313,Denim,train,4
1314,Denim,train,4
1315,Denim,validation,4
1316,Denim,test,4
1317,Denim,train,4
1318,Denim,test,4
1319,Denim,train,4
132,Cotton,train,4
1320,Denim,validation,4
1321,Denim,validation,4
1322,Denim,validation,4
1323,Denim,train,4
1324,Denim,train,4
1325,Denim,validation,4
1326,Denim,train,4
1327,Denim,train,4
1328,Denim,train,4
1329,Denim,train,4
1330,Denim,train,4
1331,Denim,train,4
1332,Denim,train,4
1333,Denim,train,4
1334,Denim,test,4
1335,Denim,train,4
1336,Denim,train,4
1337,Denim,train,4
1338,Denim,train,4
1339,Denim,train,4
1340,Denim,train,4
1341,Denim,train,4
1342,Denim,train,4
1343,Denim,train,4
1344,Denim,validation,4
1345,Denim,test,4
1346,Denim,train,4
1347,Denim,validation,4
1348,Denim,train,4
1349,Denim,train,4
1350,Denim,train,4
1351,Denim,train,4
1352,Denim,validation,4
1353,Denim,train,4
1354,Denim,train,4
1355,Denim,train,4
136,Viscose,train,4
1360,Cotton,train,4
1361,Cotton,train,4
1362,Cotton,train,4
1363,Cotton,train,4
1364,Cotton,train,4
1365,Cotton,train,4
1366,Cotton,train,4
137,Viscose,test,4
1373,Cotton,test,4
1374,Cotton,train,4
1375,Cotton,train,4
1376,Cotton,train,4
1377,Cotton,train,4
1378,Cotton,train,4
1379,Cotton,train,4
138,Cotton,train,4
1380,Cotton,test,4
1381,Cotton,validation,4
1382,Cotton,test,4
1383,Cotton,train,4
1384,Cotton,train,4
1385,Cotton,train,4
1386,Cotton,validation,4
139,Cotton,train,4
1390,Cotton,validation,4
1391,Cotton,train,4
1392,Cotton,train,4
1393,Cotton,train,4
1394,Cotton,train,4
1395,Cotton,test,4
1396,Nylon,train,4
1397,Nylon,train,4
1398,Cotton,train,4
1399,Cotton,train,4
140,Nylon,train,4
1400,Cotton,train,4
1401,Cotton,test,4
1402,Denim,train,4
1403,Wool,validation,4
1404,Wool,train,4
1405,Wool,train,4
1406,Wool,train,4
1407,Wool,train,4
1409,Wool,validation,4
141,Nylon,train,4
1410,Wool,train,4
1411,Wool,train,4
1412,Wool,train,4
1413,Wool,train,4
1414,Wool,test,4
1415,Wool,validation,4
1418,Wool,train,4
1419,Wool,train,4
142,Terrycloth,train,4
1420,Wool,train,4
1421,Wool,test,4
1422,Wool,train,4
1423,Wool,train,4
1424,Wool,test,4
1425,Wool,train,4
1426,Wool,train,4
1427,Wool,train,4
1428,Wool,train,4
1429,Wool,train,4
143,Terrycloth,test,4
1430,Wool,test,4
1432,Wool,train,4
1433,Wool,train,4
1434,Wool,train,4
1435,Wool,train,4
1436,Wool,train,4
1437,Wool,train,4
1438,Wool,validation,4
1439,Wool,validation,4
144,Terrycloth,train,4
1440,Wool,train,4
1441,Nylon,validation,4
1442,Nylon,train,4
1443,Nylon,train,4
1444,Nylon,test,4
1445,Nylon,train,4
1446,Nylon,train,4
1447,Nylon,train,4
1448,Nylon,train,4
1449,Nylon,train,4
145,Terrycloth,train,4
1450,Nylon,train,4
1451,Cotton,train,4
1452,Cotton,train,4
1453,Polyester,test,4
1454,Polyester,validation,4
1458,Cotton,test,4
1459,Cotton,train,4
146,Terrycloth,train,4
1460,Cotton,train,4
1461,Cotton,train,4
1462,Cotton,train,4
1467,Cotton,validation,4
1468,Cotton,train,4
147,Terrycloth,test,4
1470,Cotton,validation,4
1471,Cotton,train,4
1472,Cotton,train,4
1473,Cotton,test,4
1474,Cotton,train,4
1475,Cotton,test,4
1476,Cotton,train,4
1477,Cotton,train,4
1478,Cotton,train,4
1479,Cotton,train,4
148,Terrycloth,validation,4
1480,Cotton,validation,4
1481,Cotton,test,4
1482,Cotton,train,4
1483,Cotton,train,4
1484,Cotton,validation,4
1485,Cotton,train,4
1486,Cotton,train,4
1487,Cotton,train,4
1488,Cotton,test,4
1489,Cotton,train,4
149,Terrycloth,train,4
1490,Cotton,train,4
1491,Cotton,test,4
1492,Cotton,train,4
1493,Cotton,train,4
1494,Cotton,train,4
1495,Cotton,train,4
1496,Cotton,test,4
1497,Cotton,train,4
1498,Cotton,train,4
1499,Cotton,train,4
15,Denim,test,4
150,Denim,train,4
1500,Cotton,train,4
1501,Cotton,validation,4
1502,Cotton,train,4
1503,Cotton,validation,4
1504,Cotton,train,4
1505,Cotton,train,4
1506,Cotton,validation,4
1507,Cotton,train,4
1508,Cotton,train,4
1509,Cotton,test,4
1510,Cotton,validation,4
1511,Cotton,train,4
1512,Cotton,train,4
1513,Cotton,train,4
1514,Cotton,train,4
1515,Cotton,train,4
1516,Cotton,test,4
1517,Cotton,validation,4
1518,Cotton,train,4
1519,Cotton,train,4
152,Denim,train,4
1520,Cotton,train,4
1521,Cotton,train,4
1522,Cotton,train,4
1523,Cotton,train,4
1525,Cotton,train,4
1527,Cotton,train,4
153,Cotton,train,4
1538,Cotton,train,4
1539,Cotton,test,4
154,Cotton,train,4
155,Viscose,train,4
1552,Cotton,train,4
1553,Cotton,validation,4
1554,Cotton,train,4
1555,Cotton,train,4
1556,Cotton,validation,4
1557,Cotton,test,4
156,Viscose,test,4
1561,Cotton,train,4
1562,Cotton,train,4
1563,Cotton,train,4
157,Viscose,train,4
1574,Cotton,test,4
1575,Cotton,train,4
1576,Polyester,test,4
1577,Polyester,train,4
158,Viscose,test,4
1580,Polyester,train,4
1581,Polyester,validation,4
1582,Polyester,train,4
1583,Polyester,train,4
1586,Polyester,train,4
1587,Polyester,validation,4
1588,Polyester,train,4
1589,Polyester,train,4
159,Cotton,validation,4
1592,Polyester,train,4
1593,Polyester,test,4
1594,Polyester,train,4
1595,Polyester,train,4
1596,Polyester,test,4
1597,Polyester,train,4
160,Cotton,validation,4
1600,Cotton,train,4
1601,Cotton,test,4
1605,Polyester,train,4
1606,Polyester,train,4
1607,Polyester,train,4
1608,Polyester,train,4
1609,Polyester,train,4
161,Cotton,train,4
1610,Polyester,train,4
1611,Polyester,train,4
1612,Polyester,train,4
1613,Polyester,validation,4
1614,Polyester,validation,4
1615,Polyester,validation,4
1616,Polyester,test,4
1617,Polyester,test,4
1618,Polyester,test,4
1619,Polyester,test,4
162,Cotton,train,4
1620,Polyester,train,4
163,Cotton,test,4
164,Cotton,train,4
1645,Polyester,train,4
1646,Polyester,train,4
1649,Polyester,test,4
1650,Polyester,train,4
1651,Polyester,test,4
1652,Polyester,train,4
1653,Polyester,train,4
1654,Fleece,train,4
1655,Fleece,train,4
1656,Fleece,train,4
1657,Fleece,validation,4
1658,Fleece,train,4
1659,Fleece,train,4
1660,Fleece,train,4
1661,Fleece,train,4
1662,Fleece,train,4
1668,Cotton,train,4
1669,Cotton,train,4
167,Cotton,train,4
1679,Cotton,validation,4
168,Cotton,train,4
1680,Cotton,train,4
1681,Polyester,train,4
1682,Polyester,train,4
1683,Polyester,train,4
1684,Polyester,train,4
1685,Polyester,test,4
1686,Polyester,train,4
1687,Polyester,validation,4
1688,Polyester,train,4
1689,Polyester,train,4
169,Cotton,validation,4
1690,Polyester,train,4
1691,Polyester,test,4
1692,Polyester,train,4
1693,Polyester,validation,4
1694,Polyester,test,4
1695,Polyester,test,4
1696,Polyester,train,4
1699,Polyester,train,4
170,Cotton,train,4
1700,Polyester,train,4
1701,Polyester,train,4
1702,Polyester,train,4
1703,Polyester,train,4
1704,Polyester,train,4
1705,Polyester,train,4
1707,Polyester,train,4
1708,Polyester,validation,4
1709,Polyester,train,4
171,Viscose,train,4
1710,Polyester,train,4
1711,Polyester,train,4
1713,Cotton,test,4
1714,Cotton,train,4
1715,Cotton,train,4
1716,Cotton,validation,4
1717,Cotton,train,4
1718,Cotton,train,4
1719,Cotton,train,4
172,Viscose,train,4
1720,Cotton,train,4
1721,Cotton,validation,4
1722,Cotton,train,4
1723,Cotton,train,4
1724,Cotton,test,4
1725,Cotton,train,4
1729,Cotton,train,4
173,Cotton,validation,4
1730,Cotton,train,4
1731,Cotton,validation,4
1732,Cotton,train,4
1733,Cotton,train,4
1734,Cotton,train,4
1735,Cotton,train,4
1736,Cotton,train,4
1737,Cotton,train,4
1738,Cotton,train,4
1739,Cotton,train,4
174,Cotton,test,4
1740,Cotton,train,4
1743,Cotton,train,4
1744,Cotton,validation,4
1745,Cotton,train,4
1746,Cotton,train,4
1747,Cotton,train,4
1748,Cotton,train,4
1749,Cotton,test,4
175,Cotton,validation,4
1751,Cotton,validation,4
1752,Cotton,test,4
1753,Cotton,test,4
1754,Cotton,validation,4
1755,Cotton,train,4
1756,Cotton,train,4
1757,Cotton,train,4
1758,Cotton,train,4
1759,Cotton,test,4
176,Cotton,train,4
1760,Cotton,train,4
1761,Cotton,train,4
1766,Cotton,train,4
1767,Cotton,train,4
1768,Cotton,validation,4
1769,Cotton,train,4
177,Cotton,train,4
1770,Nylon,train,4
1771,Nylon,train,4
1772,Nylon,test,4
1773,Nylon,train,4
1774,Cotton,train,4
1775,Cotton,validation,4
1778,Nylon,train,4
1779,Nylon,test,4
178,Cotton,train,4
1780,Nylon,train,4
1789,Cotton,train,4
179,Cotton,train,4
1790,Cotton,train,4
1795,Cotton,validation,4
1796,Cotton,test,4
180,Cotton,train,4
1801,Cotton,train,4
1802,Cotton,train,4
1803,Nylon,train,4
1804,Nylon,test,4
1805,Nylon,train,4
1806,Cotton,train,4
1807,Cotton,test,4
1808,Cotton,train,4
1809,Cotton,train,4
181,Cotton,validation,4
1814,Nylon,validation,4
1815,Nylon,train,4
1818,Cotton,train,4
1819,Cotton,train,4
1830,Cotton,test,4
1831,Cotton,test,4
1832,Cotton,train,4
1833,Cotton,train,4
1834,Cotton,train,4
1835,Cotton,train,4
1838,Cotton,train,4
1839,Cotton,train,4
1840,Cotton,train,4
1843,Cotton,train,4
1844,Cotton,train,4
1847,Cotton,test,4
1848,Cotton,train,4
1849,Cotton,train,4
185,Viscose,train,4
1850,Cotton,train,4
1851,Cotton,train,4
1852,Cotton,validation,4
1855,Polyester,validation,4
1856,Polyester,train,4
1857,Polyester,train,4
1858,Polyester,test,4
186,Viscose,train,4
1861,Fleece,test,4
1862,Fleece,test,4
1863,Fleece,train,4
1864,Fleece,test,4
1865,Polyester,train,4
1866,Polyester,train,4
1867,Polyester,test,4
1868,Polyester,train,4
1869,Polyester,train,4
187,Cotton,train,4
1870,Fleece,train,4
1871,Fleece,train,4
1872,Fleece,train,4
1873,Fleece,train,4
1874,Fleece,test,4
1875,Fleece,train,4
1876,Fleece,train,4
1877,Fleece,test,4
1878,Fleece,validation,4
1879,Fleece,train,4
188,Cotton,validation,4
1880,Fleece,validation,4
1881,Fleece,train,4
1883,Fleece,train,4
1884,Fleece,validation,4
1885,Fleece,train,4
1886,Cotton,train,4
1887,Cotton,train,4
1888,Cotton,test,4
1889,Cotton,train,4
189,Viscose,validation,4
1896,Nylon,validation,4
1897,Nylon,train,4
1898,Nylon,train,4
1899,Nylon,train,4
19,Cotton,train,4
190,Viscose,train,4
1900,Nylon,validation,4
1901,Nylon,train,4
1902,Nylon,train,4
1903,Nylon,train,4
1904,Nylon,test,4
1905,Nylon,train,4
1906,Nylon,train,4
1907,Nylon,train,4
1908,Nylon,validation,4
1909,Nylon,train,4
191,Viscose,validation,4
1910,Nylon,train,4
1911,Nylon,validation,4
1912,Polyester,train,4
1913,Polyester,train,4
1914,Polyester,train,4
1915,Polyester,train,4
1916,Polyester,validation,4
1917,Polyester,train,4
1918,Polyester,train,4
1919,Nylon,train,4
1920,Nylon,train,4
194,Cotton,validation,4
1940,Cotton,validation,4
1941,Cotton,train,4
1942,Cotton,train,4
1943,Cotton,train,4
1945,Polyester,train,4
1946,Polyester,validation,4
1947,Polyester,train,4
1948,Polyester,train,4
195,Cotton,train,4
1951,Polyester,train,4
1952,Polyester,train,4
1957,Cotton,test,4
1958,Cotton,train,4
196,Viscose,train,4
197,Viscose,train,4
198,Viscose,validation,4
199,Viscose,test,4
2,Cotton,validation,4
20,Silk,train,4
200,Viscose,test,4
201,Viscose,validation,4
204,Cotton,train,4
206,Cotton,train,4
207,Viscose,validation,4
208,Viscose,train,4
209,Cotton,train,4
21,Silk,validation,4
210,Cotton,validation,4
211,Cotton,train,4
212,Cotton,test,4
213,Cotton,validation,4
214,Cotton,test,4
215,Cotton,train,4
216,Cotton,train,4
217,Cotton,validation,4
218,Cotton,validation,4
219,Cotton,train,4
22,Wool,validation,4
220,Cotton,test,4
223,Cotton,train,4
224,Cotton,validation,4
225,Denim,test,4
226,Denim,train,4
227,Cotton,validation,4
228,Cotton,validation,4
229,Cotton,validation,4
23,Wool,validation,4
230,Cotton,validation,4
231,Cotton,test,4
232,Cotton,validation,4
233,Cotton,test,4
234,Cotton,test,4
236,Cotton,train,4
237,Cotton,train,4
238,Cotton,train,4
239,Cotton,train,4
24,Cotton,train,4
240,Cotton,train,4
243,Cotton,train,4
244,Cotton,train,4
245,Cotton,test,4
246,Cotton,train,4
247,Cotton,train,4
248,Cotton,train,4
25,Cotton,train,4
250,Cotton,test,4
251,Cotton,train,4
252,Cotton,train,4
253,Cotton,validation,4
254,Cotton,train,4
255,Cotton,validation,4
256,Polyester,train,4
257,Polyester,train,4
258,Polyester,train,4
259,Terrycloth,test,4
26,Viscose,test,4
260,Terrycloth,validation,4
261,Terrycloth,train,4
262,Terrycloth,validation,4
263,Terrycloth,train,4
264,Terrycloth,train,4
265,Terrycloth,train,4
266,Terrycloth,train,4
267,Terrycloth,validation,4
268,Terrycloth,train,4
269,Terrycloth,train,4
270,Terrycloth,train,4
271,Terrycloth,train,4
272,Terrycloth,validation,4
273,Terrycloth,train,4
277,Cotton,train,4
278,Cotton,train,4
279,Viscose,train,4
280,Viscose,train,4
281,Viscose,train,4
284,Polyester,train,4
285,Polyester,train,4
290,Cotton,train,4
291,Cotton,train,4
296,Cotton,train,4
298,Cotton,train,4
299,Cotton,train,4
3,Cotton,train,4
300,Denim,train,4
301,Denim,train,4
302,Cotton,train,4
303,Cotton,train,4
312,Cotton,train,4
313,Cotton,train,4
318,Cotton,train,4
319,Cotton,test,4
320,Cotton,train,4
321,Cotton,train,4
322,Polyester,train,4
323,Polyester,train,4
324,Cotton,test,4
325,Cotton,train,4
326,Cotton,train,4
327,Cotton,test,4
33,Wool,train,4
330,Cotton,train,4
331,Cotton,validation,4
336,Wool,train,4
337,Wool,train,4
338,Wool,train,4
34,Wool,train,4
341,Cotton,train,4
342,Cotton,train,4
346,Cotton,train,4
347,Cotton,train,4
348,Cotton,train,4
349,Cotton,test,4
35,Wool,train,4
355,Wool,train,4
356,Wool,validation,4
357,Wool,train,4
358,Wool,train,4
359,Wool,train,4
36,Polyester,validation,4
37,Polyester,train,4
372,Wool,validation,4
373,Wool,train,4
377,Polyester,train,4
378,Polyester,train,4
381,Wool,train,4
382,Wool,test,4
385,Cotton,train,4
386,Cotton,train,4
387,Cotton,train,4
388,Cotton,train,4
389,Cotton,test,4
390,Cotton,train,4
391,Cotton,train,4
394,Cotton,validation,4
395,Cotton,test,4
396,Cotton,train,4
397,Cotton,train,4
398,Cotton,train,4
399,Cotton,train,4
400,Cotton,train,4
401,Polyester,validation,4
402,Polyester,validation,4
403,Cotton,train,4
404,Cotton,train,4
405,Cotton,train,4
406,Cotton,train,4
407,Cotton,train,4
408,Cotton,train,4
409,Cotton,test,4
413,Cotton,train,4
414,Cotton,train,4
415,Cotton,validation,4
417,Cotton,train,4
418,Cotton,train,4
419,Cotton,test,4
42,Viscose,train,4
420,Denim,train,4
421,Denim,validation,4
422,Denim,train,4
423,Denim,train,4
424,Denim,train,4
425,Cotton,validation,4
426,Cotton,train,4
427,Cotton,train,4
428,Cotton,train,4
429,Denim,train,4
430,Denim,train,4
431,Denim,train,4
432,Denim,train,4
433,Denim,train,4
434,Cotton,train,4
435,Cotton,train,4
436,Silk,validation,4
437,Silk,train,4
438,Cotton,train,4
439,Nylon,test,4
440,Cotton,train,4
441,Cotton,test,4
442,Cotton,train,4
443,Cotton,train,4
444,Wool,train,4
445,Wool,train,4
446,Wool,test,4
447,Polyester,train,4
448,Polyester,train,4
449,Polyester,train,4
450,Polyester,train,4
451,Cotton,train,4
452,Cotton,test,4
453,Terrycloth,train,4
454,Terrycloth,train,4
455,Terrycloth,test,4
456,Cotton,train,4
457,Cotton,train,4
458,Polyester,train,4
459,Polyester,train,4
46,Viscose,train,4
460,Nylon,train,4
461,Nylon,test,4
462,Cotton,train,4
463,Cotton,train,4
464,Cotton,validation,4
465,Cotton,train,4
466,Cotton,train,4
467,Cotton,validation,4
469,Cotton,train,4
47,Viscose,train,4
470,Cotton,train,4
471,Cotton,validation,4
474,Cotton,train,4
475,Cotton,train,4
476,Cotton,train,4
477,Cotton,train,4
478,Cotton,train,4
479,Cotton,train,4
48,Viscose,train,4
480,Cotton,train,4
481,Cotton,train,4
482,Nylon,validation,4
483,Nylon,train,4
486,Terrycloth,train,4
487,Terrycloth,train,4
488,Silk,train,4
489,Silk,train,4
490,Cotton,validation,4
491,Cotton,train,4
495,Cotton,train,4
496,Cotton,train,4
5,Terrycloth,train,4
50,Cotton,train,4
501,Polyester,test,4
502,Polyester,validation,4
503,Wool,train,4
504,Wool,train,4
507,Cotton,train,4
508,Cotton,train,4
51,Cotton,train,4
511,Polyester,train,4
512,Polyester,test,4
513,Polyester,train,4
514,Polyester,test,4
515,Denim,train,4
516,Denim,train,4
517,Polyester,train,4
518,Polyester,train,4
519,Polyester,train,4
52,Cotton,test,4
522,Silk,train,4
523,Silk,validation,4
524,Polyester,validation,4
525,Polyester,train,4
526,Wool,train,4
529,Cotton,test,4
53,Polyester,train,4
530,Cotton,validation,4
531,Cotton,train,4
532,Terrycloth,train,4
538,Nylon,test,4
54,Viscose,train,4
541,Cotton,train,4
542,Polyester,test,4
543,Polyester,train,4
56,Polyester,train,4
57,Wool,train,4
581,Polyester,train,4
582,Polyester,validation,4
583,Polyester,train,4
59,Wool,train,4
60,Wool,train,4
617,Polyester,train,4
618,Polyester,train,4
619,Polyester,train,4
62,Polyester,train,4
620,Polyester,train,4
621,Polyester,test,4
622,Polyester,train,4
623,Polyester,validation,4
624,Polyester,train,4
625,Polyester,train,4
626,Polyester,train,4
627,Polyester,train,4
628,Polyester,train,4
629,Polyester,train,4
63,Polyester,train,4
64,Polyester,validation,4
653,Polyester,train,4
654,Polyester,test,4
660,Wool,train,4
662,Wool,train,4
665,Polyester,test,4
666,Polyester,train,4
669,Polyester,train,4
67,Polyester,train,4
670,Polyester,test,4
679,Polyester,train,4
68,Polyester,test,4
680,Polyester,test,4
681,Polyester,train,4
682,Polyester,train,4
685,Polyester,test,4
686,Polyester,train,4
687,Cotton,train,4
688,Cotton,validation,4
689,Cotton,train,4
69,Cotton,train,4
690,Cotton,train,4
691,Cotton,train,4
692,Cotton,validation,4
693,Cotton,train,4
694,Cotton,test,4
695,Cotton,train,4
696,Cotton,train,4
697,Cotton,train,4
698,Cotton,train,4
699,Cotton,train,4
7,Wool,validation,4
70,Cotton,train,4
700,Polyester,validation,4
701,Polyester,train,4
702,Polyester,train,4
703,Polyester,train,4
704,Polyester,train,4
705,Polyester,train,4
706,Polyester,train,4
707,Polyester,validation,4
708,Polyester,train,4
709,Polyester,train,4
71,Cotton,train,4
710,Polyester,train,4
711,Polyester,validation,4
712,Polyester,train,4
713,Polyester,train,4
714,Polyester,train,4
715,Polyester,train,4
72,Cotton,train,4
728,Cotton,test,4
729,Cotton,test,4
73,Cotton,train,4
730,Cotton,train,4
731,Cotton,validation,4
732,Cotton,validation,4
733,Cotton,train,4
734,Cotton,test,4
735,Cotton,train,4
736,Cotton,train,4
737,Cotton,test,4
738,Cotton,train,4
739,Cotton,validation,4
74,Cotton,train,4
740,Cotton,train,4
741,Cotton,train,4
742,Cotton,test,4
743,Cotton,train,4
744,Cotton,train,4
745,Cotton,train,4
746,Cotton,test,4
747,Cotton,test,4
748,Cotton,train,4
749,Cotton,train,4
75,Cotton,train,4
750,Cotton,train,4
751,Cotton,train,4
752,Cotton,train,4
753,Polyester,train,4
755,Polyester,train,4
756,Polyester,validation,4
757,Polyester,train,4
758,Polyester,train,4
759,Polyester,train,4
76,Cotton,train,4
760,Polyester,validation,4
761,Polyester,train,4
762,Polyester,train,4
763,Polyester,train,4
764,Polyester,train,4
765,Polyester,train,4
766,Polyester,validation,4
767,Polyester,test,4
768,Polyester,test,4
769,Polyester,train,4
77,Cotton,train,4
774,Silk,train,4
775,Silk,train,4
776,Silk,test,4
777,Silk,validation,4
778,Silk,validation,4
779,Silk,train,4
78,Cotton,validation,4
780,Silk,train,4
781,Silk,test,4
782,Silk,train,4
783,Silk,validation,4
784,Silk,train,4
8,Cotton,train,4
802,Fleece,train,4
803,Fleece,train,4
804,Fleece,train,4
805,Fleece,validation,4
806,Fleece,train,4
808,Wool,train,4
809,Wool,test,4
811,Wool,test,4
817,Wool,test,4
818,Wool,train,4
819,Viscose,train,4
820,Polyester,validation,4
821,Polyester,train,4
823,Silk,train,4
824,Silk,train,4
825,Wool,validation,4
826,Wool,train,4
832,Cotton,train,4
833,Cotton,train,4
834,Cotton,train,4
835,Cotton,train,4
836,Cotton,test,4
837,Cotton,train,4
838,Cotton,test,4
839,Cotton,train,4
840,Cotton,train,4
841,Cotton,train,4
842,Cotton,train,4
843,Cotton,train,4
844,Cotton,train,4
845,Cotton,train,4
846,Cotton,train,4
847,Cotton,test,4
848,Cotton,train,4
849,Cotton,train,4
850,Cotton,train,4
851,Cotton,train,4
86,Cotton,train,4
869,Polyester,train,4
87,Cotton,train,4
870,Polyester,train,4
871,Polyester,test,4
872,Polyester,train,4
88,Polyester,validation,4
89,Polyester,train,4
9,Cotton,train,4
90,Viscose,train,4
903,Polyester,train,4
904,Polyester,train,4
905,Polyester,train,4
906,Polyester,test,4
907,Polyester,train,4
908,Polyester,train,4
909,Polyester,validation,4
91,Viscose,train,4
910,Polyester,train,4
911,Polyester,train,4
967,Wool,train,4
968,Wool,train,4
969,Wool,test,4
97,Viscose,train,4
970,Wool,test,4
971,Wool,validation,4
972,Wool,train,4
973,Wool,train,4
979,Wool,train,4
98,Viscose,train,4
980,Wool,train,4
981,Wool,train,4
983,Wool,test,4
984,Wool,train,4
985,Wool,train,4
986,Wool,test,4
987,Wool,validation,4
988,Wool,train,4
99,Cotton,validation,4
996,Silk,train,4
997,Silk,test,4
